trial,test_language,list,trial_type,prime,target,distractor,xsampa_prime,xsampa_target,xsampa_distractor,xsampa_t_prime,xsampa_t_target,xsampa_t_distractor,nphon_prime,nphon_target,nphon_distractor,freq_prime,freq_target,freq_distractor,lv_pp,lv_pt
1,Catalan,1,Cognate,arbre,aigua,bolet,aB4@,ajGw@,bu5Et,a4Bol,aGwa,seta,4,5,5,5.081055123509317,5.4247387201525585,NA,0.4,0.4
2,Catalan,1,Non-cognate,ànec,amanida,berenar,an@k,@m@niD@,b4@na,pato,ensalaDa,me4jenDa,4,7,5,4.957247449385189,NA,NA,0,0.1428571428571429
3,Catalan,1,Unrelated,camió,aixeta,ungla,k@mio,@SEt@,uNg5@,kamjon,g4ifo,uJas,5,5,5,5.178723938968551,2.619056660580492,3.0864180780109987,0.5,0
4,Catalan,1,Unrelated,finestra,abella,papallona,finest4@,@BEL@,p@p@Lon@,bentana,aBexa,ma4iposa,8,5,8,4.894598348981802,4.605231015822833,4.552543948429198,0.125,0.125
5,Catalan,1,Cognate,vaca,berenar,amanida,bak@,b4@na,@m@niD@,baka,me4jenDa,ensalaDa,4,5,7,5.011167125591806,NA,NA,0.75,0.19999999999999996
6,Catalan,1,Non-cognate,barret,bici,porta,b@rEt,bisi,pOrt@,somB4e4o,biTi,pwe4ta,5,4,5,5.15553092939812,4.008813220198329,5.1815081424535965,0,0.19999999999999996
7,Catalan,1,Unrelated,osset,boca,orella,uset,bok@,u4EL@,osito,boka,o4exas,4,4,5,3.0961779153001547,4.826960190966544,4.414241250262917,0.4,0
8,Catalan,1,Unrelated,claus,bolet,aigua,k5aw,bu5Et,ajGw@,LaBes,seta,aGwa,4,5,5,4.437282554194448,NA,5.4247387201525585,0,0.19999999999999996
9,Catalan,1,Cognate,cotxe,casa,moneda,kOtÍ¡S@,kaz@,munED@,kotSe,kasa,moneDas,7,4,6,5.576088976927431,5.43081035169611,3.2138174131669555,0.4285714285714286,0.2857142857142857
10,Catalan,1,Non-cognate,cadira,colom,mussol,k@Di4@,kulom,musO5,siLa,paloma,buo,6,5,5,5.120845983036402,2.857938749495629,4.734334251976394,0.16666666666666663,0.16666666666666663
11,Catalan,1,Unrelated,vaixell,cuc,formiga,b@SeL,kuk,fu4miG@,ba4ko,gusano,o4miGa,5,3,7,4.906559803711811,4.011167125591806,3.737431627686404,0.19999999999999996,0
12,Catalan,1,Unrelated,ampolla,caixa,porc,@mpoL@,kaS@,pOrk,boteLa,kaxa,Te4Do,6,4,4,4.762695895855035,5.03458643973813,4.8663751292579045,0.16666666666666663,0.16666666666666663
13,Catalan,1,Cognate,flor,pernil,galeta,f5O,p@rni5,g@5Et@,flo4,xamon,gaLeta,3,6,6,4.624237173084273,3.8477991181447493,4.925838985133565,0.25,0
14,Catalan,1,Non-cognate,formatge,formiga,cuc,furmadZ@,fu4miG@,kuk,keso,o4miGa,gusano,8,7,3,4.9441616435519,3.737431627686404,4.011167125591806,0,0.5
15,Catalan,1,Unrelated,botó,fulla,galleda,buto,fuL@,g@LED@,boton,oxa,kuBo,4,4,6,4.472754872356667,NA,4.453689266916584,0.6,0.25
16,Catalan,1,Unrelated,ulleres,forquilla,got,uLe4@s,furkiL@,gOt,gafas,teneDo4,baso,6,7,3,4.492958258444954,4.4119150825061535,4.4119150825061535,0.16666666666666663,0.1428571428571429
17,Catalan,1,Cognate,gat,galeta,pernil,gat,g@5Et@,p@rni5,gato,gaLeta,xamon,3,6,6,5.197695870548564,4.925838985133565,3.8477991181447493,0.75,0.33333333333333337
18,Catalan,1,Non-cognate,gos,got,forquilla,gos,gOt,furkiL@,pero,baso,teneDo4,3,3,7,5.674817125268227,4.4119150825061535,4.4119150825061535,0,0.33333333333333337
19,Catalan,1,Unrelated,mico,galleda,fulla,miku,g@LED@,fuL@,mono,kuBo,oxa,4,6,4,4.82749801701906,4.453689266916584,NA,0.25,0
20,Catalan,1,Unrelated,pa,globus,onada,pa,g5OBus,unaD@,pan,gloBo,ola,2,6,5,4.656748700860115,5.18741485897161,NA,0.6666666666666667,0
21,Catalan,1,Cognate,moto,mussol,colom,motu,musO5,kulom,moto,buo,paloma,4,5,5,4.160635904527073,4.734334251976394,2.857938749495629,0.75,0.19999999999999996
22,Catalan,1,Non-cognate,mitjó,moneda,casa,midZo,munED@,kaz@,kalTetines,moneDas,kasa,5,6,4,4.369822110474503,3.2138174131669555,5.43081035169611,0.09999999999999998,0.16666666666666663
23,Catalan,1,Unrelated,avió,mà,ull,@Bio,m@,uLs,aBjon,manos,oxos,4,2,3,4.806012996045904,4.977245406729892,4.692408362967393,0.4,0
24,Catalan,1,Unrelated,granota,mirall,planta,g4@nOt@,mi4aL,p5ant@,rana,espexo,planta,7,5,6,5.51403695150846,4.128707140127075,4.066214691922712,0.1428571428571429,0
25,Catalan,1,Cognate,ovella,onada,globus,uBEL@,unaD@,g5OBus,oBexa,ola,gloBo,5,5,6,4.640797094853714,NA,5.18741485897161,0.19999999999999996,0.4
26,Catalan,1,Non-cognate,ocell,ull,mà,useL,uLs,m@,paxa4o,oxos,manos,4,3,2,4.841252706882212,4.692408362967393,4.977245406729892,0,0.25
27,Catalan,1,Unrelated,peix,ungla,aixeta,peS,uNg5@,@SEt@,peT,uJas,g4ifo,3,5,5,5.035697167918773,3.0864180780109987,2.619056660580492,0.6666666666666667,0
28,Catalan,1,Unrelated,plàtan,orella,boca,p5at@n,u4EL@,bok@,platano,o4exas,boka,6,5,4,NA,4.414241250262917,4.826960190966544,0.5714285714285714,0.16666666666666663
29,Catalan,1,Cognate,pilota,papallona,abella,pi5Ot@,p@p@Lon@,@BEL@,pelota,ma4iposa,aBexa,6,8,5,5.335171347500584,4.552543948429198,4.605231015822833,0.33333333333333337,0.25
30,Catalan,1,Non-cognate,poma,planta,mirall,pom@,p5ant@,mi4aL,manTana,planta,espexo,4,6,5,4.9876534238274886,4.066214691922712,4.128707140127075,0,0.33333333333333337
31,Catalan,1,Unrelated,guitarra,porta,bici,gitar@,pOrt@,bisi,gitara,pwe4ta,biTi,6,5,4,4.127810763169224,5.1815081424535965,4.008813220198329,0.8333333333333334,0.16666666666666663
32,Catalan,1,Unrelated,maduixa,porc,caixa,m@DuS@,pOrk,kaS@,f4esa,Te4Do,kaxa,6,4,4,4.509663951947807,4.8663751292579045,5.03458643973813,0,0
1,Catalan,2,Cognate,arbre,aixeta,ungla,aB4@,@SEt@,uNg5@,a4Bol,g4ifo,uJas,4,5,5,5.081055123509317,2.619056660580492,3.0864180780109987,0.4,0.19999999999999996
2,Catalan,2,Non-cognate,ànec,abella,papallona,an@k,@BEL@,p@p@Lon@,pato,aBexa,ma4iposa,4,5,8,4.957247449385189,4.605231015822833,4.552543948429198,0,0
3,Catalan,2,Unrelated,camió,aigua,bolet,k@mio,ajGw@,bu5Et,kamjon,aGwa,seta,5,5,5,5.178723938968551,5.4247387201525585,NA,0.5,0
4,Catalan,2,Unrelated,finestra,amanida,berenar,finest4@,@m@niD@,b4@na,bentana,ensalaDa,me4jenDa,8,7,5,4.894598348981802,NA,NA,0.125,0.125
5,Catalan,2,Cognate,vaca,boca,orella,bak@,bok@,u4EL@,baka,boka,o4exas,4,4,5,5.011167125591806,4.826960190966544,4.414241250262917,0.75,0.75
6,Catalan,2,Non-cognate,barret,bolet,aigua,b@rEt,bu5Et,ajGw@,somB4e4o,seta,aGwa,5,5,5,5.15553092939812,NA,5.4247387201525585,0,0.6
7,Catalan,2,Unrelated,osset,berenar,amanida,uset,b4@na,@m@niD@,osito,me4jenDa,ensalaDa,4,5,7,3.0961779153001547,NA,NA,0.4,0
8,Catalan,2,Unrelated,claus,bici,porta,k5aw,bisi,pOrt@,LaBes,biTi,pwe4ta,4,4,5,4.437282554194448,4.008813220198329,5.1815081424535965,0,0
9,Catalan,2,Cognate,cotxe,cuc,formiga,kOtÍ¡S@,kuk,fu4miG@,kotSe,gusano,o4miGa,7,3,7,5.576088976927431,4.011167125591806,3.737431627686404,0.4285714285714286,0.1428571428571429
10,Catalan,2,Non-cognate,cadira,caixa,porc,k@Di4@,kaS@,pOrk,siLa,kaxa,Te4Do,6,4,4,5.120845983036402,5.03458643973813,4.8663751292579045,0.16666666666666663,0.33333333333333337
11,Catalan,2,Unrelated,vaixell,casa,moneda,b@SeL,kaz@,munED@,ba4ko,kasa,moneDas,5,4,6,4.906559803711811,5.43081035169611,3.2138174131669555,0.19999999999999996,0
12,Catalan,2,Unrelated,ampolla,colom,mussol,@mpoL@,kulom,musO5,boteLa,paloma,buo,6,5,5,4.762695895855035,2.857938749495629,4.734334251976394,0.16666666666666663,0.16666666666666663
13,Catalan,2,Cognate,flor,fulla,galleda,f5O,fuL@,g@LED@,flo4,oxa,kuBo,3,4,6,4.624237173084273,NA,4.453689266916584,0.25,0.25
14,Catalan,2,Non-cognate,formatge,forquilla,got,furmadZ@,furkiL@,gOt,keso,teneDo4,baso,8,7,3,4.9441616435519,4.4119150825061535,4.4119150825061535,0,0.5
15,Catalan,2,Unrelated,botó,pernil,galeta,buto,p@rni5,g@5Et@,boton,xamon,gaLeta,4,6,6,4.472754872356667,3.8477991181447493,4.925838985133565,0.6,0
16,Catalan,2,Unrelated,ulleres,formiga,cuc,uLe4@s,fu4miG@,kuk,gafas,o4miGa,gusano,6,7,3,4.492958258444954,3.737431627686404,4.011167125591806,0.16666666666666663,0.1428571428571429
17,Catalan,2,Cognate,gat,galleda,fulla,gat,g@LED@,fuL@,gato,kuBo,oxa,3,6,4,5.197695870548564,4.453689266916584,NA,0.75,0.16666666666666663
18,Catalan,2,Non-cognate,gos,globus,onada,gos,g5OBus,unaD@,pero,gloBo,ola,3,6,5,5.674817125268227,5.18741485897161,NA,0,0.33333333333333337
19,Catalan,2,Unrelated,mico,galeta,pernil,miku,g@5Et@,p@rni5,mono,gaLeta,xamon,4,6,6,4.82749801701906,4.925838985133565,3.8477991181447493,0.25,0
20,Catalan,2,Unrelated,pa,got,forquilla,pa,gOt,furkiL@,pan,baso,teneDo4,2,3,7,4.656748700860115,4.4119150825061535,4.4119150825061535,0.6666666666666667,0
21,Catalan,2,Cognate,moto,mà,ull,motu,m@,uLs,moto,manos,oxos,4,2,3,4.160635904527073,4.977245406729892,4.692408362967393,0.75,0.25
22,Catalan,2,Non-cognate,mitjó,mirall,planta,midZo,mi4aL,p5ant@,kalTetines,espexo,planta,5,5,6,4.369822110474503,4.128707140127075,4.066214691922712,0.09999999999999998,0.4
23,Catalan,2,Unrelated,avió,mussol,colom,@Bio,musO5,kulom,aBjon,buo,paloma,4,5,5,4.806012996045904,4.734334251976394,2.857938749495629,0.4,0
24,Catalan,2,Unrelated,granota,moneda,casa,g4@nOt@,munED@,kaz@,rana,moneDas,kasa,7,6,4,5.51403695150846,3.2138174131669555,5.43081035169611,0.1428571428571429,0.2857142857142857
25,Catalan,2,Cognate,ovella,onada,globus,uBEL@,unaD@,g5OBus,oBexa,ola,gloBo,5,5,6,4.640797094853714,NA,5.18741485897161,0.19999999999999996,0.4
26,Catalan,2,Non-cognate,ocell,ull,mà,useL,uLs,m@,paxa4o,oxos,manos,4,3,2,4.841252706882212,4.692408362967393,4.977245406729892,0,0.25
27,Catalan,2,Unrelated,peix,ungla,aixeta,peS,uNg5@,@SEt@,peT,uJas,g4ifo,3,5,5,5.035697167918773,3.0864180780109987,2.619056660580492,0.6666666666666667,0
28,Catalan,2,Unrelated,plàtan,orella,boca,p5at@n,u4EL@,bok@,platano,o4exas,boka,6,5,4,NA,4.414241250262917,4.826960190966544,0.5714285714285714,0.16666666666666663
29,Catalan,2,Cognate,pilota,porta,bici,pi5Ot@,pOrt@,bisi,pelota,pwe4ta,biTi,6,5,4,5.335171347500584,5.1815081424535965,4.008813220198329,0.33333333333333337,0.5
30,Catalan,2,Non-cognate,poma,porc,caixa,pom@,pOrk,kaS@,manTana,Te4Do,kaxa,4,4,4,4.9876534238274886,4.8663751292579045,5.03458643973813,0,0.25
31,Catalan,2,Unrelated,guitarra,papallona,abella,gitar@,p@p@Lon@,@BEL@,gitara,ma4iposa,aBexa,6,8,5,4.127810763169224,4.552543948429198,4.605231015822833,0.8333333333333334,0.125
32,Catalan,2,Unrelated,maduixa,planta,mirall,m@DuS@,p5ant@,mi4aL,f4esa,planta,espexo,6,6,5,4.509663951947807,4.066214691922712,4.128707140127075,0,0.16666666666666663
1,Catalan,3,Cognate,arbre,abella,papallona,aB4@,@BEL@,p@p@Lon@,a4Bol,aBexa,ma4iposa,4,5,8,5.081055123509317,4.605231015822833,4.552543948429198,0.4,0.4
2,Catalan,3,Non-cognate,ànec,aigua,bolet,an@k,ajGw@,bu5Et,pato,aGwa,seta,4,5,5,4.957247449385189,5.4247387201525585,NA,0,0.19999999999999996
3,Catalan,3,Unrelated,camió,amanida,berenar,k@mio,@m@niD@,b4@na,kamjon,ensalaDa,me4jenDa,5,7,5,5.178723938968551,NA,NA,0.5,0.2857142857142857
4,Catalan,3,Unrelated,finestra,aixeta,ungla,finest4@,@SEt@,uNg5@,bentana,g4ifo,uJas,8,5,5,4.894598348981802,2.619056660580492,3.0864180780109987,0.125,0.25
5,Catalan,3,Cognate,vaca,bolet,aigua,bak@,bu5Et,ajGw@,baka,seta,aGwa,4,5,5,5.011167125591806,NA,5.4247387201525585,0.75,0.19999999999999996
6,Catalan,3,Non-cognate,barret,berenar,amanida,b@rEt,b4@na,@m@niD@,somB4e4o,me4jenDa,ensalaDa,5,5,7,5.15553092939812,NA,NA,0,0.19999999999999996
7,Catalan,3,Unrelated,osset,bici,porta,uset,bisi,pOrt@,osito,biTi,pwe4ta,4,4,5,3.0961779153001547,4.008813220198329,5.1815081424535965,0.4,0
8,Catalan,3,Unrelated,claus,boca,orella,k5aw,bok@,u4EL@,LaBes,boka,o4exas,4,4,5,4.437282554194448,4.826960190966544,4.414241250262917,0,0
9,Catalan,3,Cognate,cotxe,caixa,porc,kOtÍ¡S@,kaS@,pOrk,kotSe,kaxa,Te4Do,7,4,4,5.576088976927431,5.03458643973813,4.8663751292579045,0.4285714285714286,0.4285714285714286
10,Catalan,3,Non-cognate,cadira,casa,moneda,k@Di4@,kaz@,munED@,siLa,kasa,moneDas,6,4,6,5.120845983036402,5.43081035169611,3.2138174131669555,0.16666666666666663,0.33333333333333337
11,Catalan,3,Unrelated,vaixell,colom,mussol,b@SeL,kulom,musO5,ba4ko,paloma,buo,5,5,5,4.906559803711811,2.857938749495629,4.734334251976394,0.19999999999999996,0
12,Catalan,3,Unrelated,ampolla,cuc,formiga,@mpoL@,kuk,fu4miG@,boteLa,gusano,o4miGa,6,3,7,4.762695895855035,4.011167125591806,3.737431627686404,0.16666666666666663,0
13,Catalan,3,Cognate,flor,forquilla,got,f5O,furkiL@,gOt,flo4,teneDo4,baso,3,7,3,4.624237173084273,4.4119150825061535,4.4119150825061535,0.25,0.1428571428571429
14,Catalan,3,Non-cognate,formatge,pernil,galeta,furmadZ@,p@rni5,g@5Et@,keso,xamon,gaLeta,8,6,6,4.9441616435519,3.8477991181447493,4.925838985133565,0,0.125
15,Catalan,3,Unrelated,botó,formiga,cuc,buto,fu4miG@,kuk,boton,o4miGa,gusano,4,7,3,4.472754872356667,3.737431627686404,4.011167125591806,0.6,0.1428571428571429
16,Catalan,3,Unrelated,ulleres,fulla,galleda,uLe4@s,fuL@,g@LED@,gafas,oxa,kuBo,6,4,6,4.492958258444954,NA,4.453689266916584,0.16666666666666663,0.33333333333333337
17,Catalan,3,Cognate,gat,globus,onada,gat,g5OBus,unaD@,gato,gloBo,ola,3,6,5,5.197695870548564,5.18741485897161,NA,0.75,0.16666666666666663
18,Catalan,3,Non-cognate,gos,galeta,pernil,gos,g@5Et@,p@rni5,pero,gaLeta,xamon,3,6,6,5.674817125268227,4.925838985133565,3.8477991181447493,0,0.16666666666666663
19,Catalan,3,Unrelated,mico,got,forquilla,miku,gOt,furkiL@,mono,baso,teneDo4,4,3,7,4.82749801701906,4.4119150825061535,4.4119150825061535,0.25,0
20,Catalan,3,Unrelated,pa,galleda,fulla,pa,g@LED@,fuL@,pan,kuBo,oxa,2,6,4,4.656748700860115,4.453689266916584,NA,0.6666666666666667,0
21,Catalan,3,Cognate,moto,mirall,planta,motu,mi4aL,p5ant@,moto,espexo,planta,4,5,6,4.160635904527073,4.128707140127075,4.066214691922712,0.75,0.19999999999999996
22,Catalan,3,Non-cognate,mitjó,mussol,colom,midZo,musO5,kulom,kalTetines,buo,paloma,5,5,5,4.369822110474503,4.734334251976394,2.857938749495629,0.09999999999999998,0.19999999999999996
23,Catalan,3,Unrelated,avió,moneda,casa,@Bio,munED@,kaz@,aBjon,moneDas,kasa,4,6,4,4.806012996045904,3.2138174131669555,5.43081035169611,0.4,0
24,Catalan,3,Unrelated,granota,mà,ull,g4@nOt@,m@,uLs,rana,manos,oxos,7,2,3,5.51403695150846,4.977245406729892,4.692408362967393,0.1428571428571429,0.1428571428571429
25,Catalan,3,Cognate,ovella,ull,mà,uBEL@,uLs,m@,oBexa,oxos,manos,5,3,2,4.640797094853714,4.692408362967393,4.977245406729892,0.19999999999999996,0.4
26,Catalan,3,Non-cognate,ocell,ungla,aixeta,useL,uNg5@,@SEt@,paxa4o,uJas,g4ifo,4,5,5,4.841252706882212,3.0864180780109987,2.619056660580492,0,0.19999999999999996
27,Catalan,3,Unrelated,peix,orella,boca,peS,u4EL@,bok@,peT,o4exas,boka,3,5,4,5.035697167918773,4.414241250262917,4.826960190966544,0.6666666666666667,0
28,Catalan,3,Unrelated,plàtan,onada,globus,p5at@n,unaD@,g5OBus,platano,ola,gloBo,6,5,6,NA,NA,5.18741485897161,0.5714285714285714,0.33333333333333337
29,Catalan,3,Cognate,pilota,porc,caixa,pi5Ot@,pOrk,kaS@,pelota,Te4Do,kaxa,6,4,4,5.335171347500584,4.8663751292579045,5.03458643973813,0.33333333333333337,0.33333333333333337
30,Catalan,3,Non-cognate,poma,papallona,abella,pom@,p@p@Lon@,@BEL@,manTana,ma4iposa,aBexa,4,8,5,4.9876534238274886,4.552543948429198,4.605231015822833,0,0.375
31,Catalan,3,Unrelated,guitarra,planta,mirall,gitar@,p5ant@,mi4aL,gitara,planta,espexo,6,6,5,4.127810763169224,4.066214691922712,4.128707140127075,0.8333333333333334,0.16666666666666663
32,Catalan,3,Unrelated,maduixa,porta,bici,m@DuS@,pOrt@,bisi,f4esa,pwe4ta,biTi,6,5,4,4.509663951947807,5.1815081424535965,4.008813220198329,0,0.16666666666666663
1,Spanish,1,Cognate,vaca,boca,caja,baka,boka,kaxa,bak@,bok@,kaS@,4,4,4,5.011167125591806,4.826960190966544,5.03458643973813,0.75,0.75
2,Spanish,1,Non-cognate,botella,bici,cepillo,boteLa,biTi,TepiLo,@mpoL@,bisi,r@spaL,6,4,6,4.762695895855035,4.008813220198329,4.644635581171393,0.16666666666666663,0.16666666666666663
3,Spanish,1,Unrelated,globo,botón,tobogán,gloBo,boton,toBoGan,g5OBus,buto,tuBuGan,5,5,7,5.18741485897161,4.472754872356667,3.2690402042256377,0.33333333333333337,0.19999999999999996
4,Spanish,1,Unrelated,mono,ventana,ombligo,mono,bentana,ombliGo,miku,finest4@,m@5ik,4,7,7,4.82749801701906,4.894598348981802,1.7439953971887923,0.25,0.1428571428571429
5,Spanish,1,Cognate,coche,caja,boca,kotSe,kaxa,boka,kOtÍ¡S@,kaS@,bok@,5,4,4,5.576088976927431,5.03458643973813,4.826960190966544,0.4285714285714286,0.19999999999999996
6,Spanish,1,Non-cognate,cama,cuchara,osito,kama,kutSa4a,osito,Lit,kuLe4@,uset,4,7,5,5.257545917535129,4.754931061893178,3.0961779153001547,0,0.4285714285714286
7,Spanish,1,Unrelated,zumo,cubo,tambor,Tumo,kuBo,tambo4,suk,g@LED@,t@mbo,4,4,6,5.153421265860236,4.453689266916584,4.159803124824336,0.25,0.5
8,Spanish,1,Unrelated,pato,calcetín,plátano,pato,kalTetines,platano,an@k,midZo,p5at@n,4,10,7,4.957247449385189,4.369822110474503,NA,0,0.19999999999999996
9,Spanish,1,Cognate,cebra,cepillo,bici,TeB4a,TepiLo,biTi,zeB4@,r@spaL,bisi,5,6,4,4.385964994890852,4.644635581171393,4.008813220198329,0.6,0.33333333333333337
10,Spanish,1,Non-cognate,cerdo,cesta,tijeras,Te4Do,Testa,tixe4as,pOrk,sisteL@,tizo4@s,5,5,7,4.8663751292579045,4.363088727815535,4.263166861010451,0,0.4
11,Spanish,1,Unrelated,oreja,zanahoria,hormiga,o4exas,Tanao4ja,o4miGa,u4EL@,p@st@naG@,fu4miG@,6,8,6,4.414241250262917,4.312197121255787,3.737431627686404,0.16666666666666663,0.125
12,Spanish,1,Unrelated,mesa,cielo,pie,mesa,Tjelo,pie,taw5@,sE5,pEw,4,5,3,4.933626054880948,4.491407205075216,4.578098052901586,0,0.19999999999999996
13,Spanish,1,Cognate,galleta,grifo,mariposa,gaLeta,g4ifo,ma4iposa,g@5Et@,@SEt@,p@p@Lon@,6,5,8,4.925838985133565,2.619056660580492,4.552543948429198,0.33333333333333337,0.16666666666666663
14,Spanish,1,Non-cognate,gafas,gorrión,muñeca,gafas,gorjon,muJeka,uLe4@s,p@rDal,nin@,5,6,6,4.492958258444954,NA,4.476791095478122,0.16666666666666663,0.16666666666666663
15,Spanish,1,Unrelated,tomate,gusano,martillo,tomate,gusano,ma4tiLo,tumak@t,kuk,m@rteL,6,6,7,4.257878582799885,4.011167125591806,4.435518919356946,0.4285714285714286,0.16666666666666663
16,Spanish,1,Unrelated,zapato,guitarra,puerta,Tapatos,gitara,pwe4ta,saB@t@,gitar@,pOrt@,7,6,6,4.814956312989726,4.127810763169224,5.1815081424535965,0.2857142857142857,0.1428571428571429
17,Spanish,1,Cognate,moto,mariposa,grifo,moto,ma4iposa,g4ifo,motu,p@p@Lon@,@SEt@,4,8,5,4.160635904527073,4.552543948429198,2.619056660580492,0.75,0.25
18,Spanish,1,Non-cognate,manzana,muñeca,gorrión,manTana,muJeka,gorjon,pom@,nin@,p@rDal,7,6,6,4.9876534238274886,4.476791095478122,NA,0,0.2857142857142857
19,Spanish,1,Unrelated,vaso,moneda,pierna,baso,moneDas,pje4nas,gOt,munED@,kam@,4,7,7,4.4119150825061535,3.2138174131669555,4.540569730399222,0,0.1428571428571429
20,Spanish,1,Unrelated,queso,martillo,gusano,keso,ma4tiLo,gusano,furmadZ@,m@rteL,kuk,4,7,6,4.9441616435519,4.435518919356946,4.011167125591806,0,0.1428571428571429
21,Spanish,1,Cognate,oveja,osito,cuchara,oBexa,osito,kutSa4a,uBEL@,uset,kuLe4@,5,5,7,4.640797094853714,3.0961779153001547,4.754931061893178,0.19999999999999996,0.19999999999999996
22,Spanish,1,Non-cognate,ojo,hormiga,zanahoria,oxos,o4miGa,Tanao4ja,uLs,fu4miG@,p@st@naG@,4,6,8,4.692408362967393,3.737431627686404,4.312197121255787,0.25,0.16666666666666663
23,Spanish,1,Unrelated,pelota,ola,toro,pelota,ola,to4o,pi5Ot@,unaD@,tO4o,6,3,4,5.335171347500584,NA,3.781421895129416,0.33333333333333337,0.33333333333333337
24,Spanish,1,Unrelated,tele,ombligo,ventana,tele,ombliGo,bentana,tele,m@5ik,finest4@,4,7,7,NA,1.7439953971887923,4.894598348981802,1,0.1428571428571429
25,Spanish,1,Cognate,pez,pierna,moneda,peT,pje4nas,moneDas,peS,kam@,munED@,3,7,7,5.035697167918773,4.540569730399222,3.2138174131669555,0.6666666666666667,0.2857142857142857
26,Spanish,1,Non-cognate,perro,pie,cielo,pero,pie,Tjelo,gos,pEw,sE5,4,3,5,5.674817125268227,4.578098052901586,4.491407205075216,0,0.25
27,Spanish,1,Unrelated,barco,plátano,calcetín,ba4ko,platano,kalTetines,b@SeL,p5at@n,midZo,5,7,10,4.906559803711811,NA,4.369822110474503,0.19999999999999996,0.2857142857142857
28,Spanish,1,Unrelated,hoja,puerta,guitarra,oxa,pwe4ta,gitara,fuL@,pOrt@,gitar@,3,6,6,NA,5.1815081424535965,4.127810763169224,0,0.16666666666666663
29,Spanish,1,Cognate,tren,tijeras,cesta,t4en,tixe4as,Testa,t4En,tizo4@s,sisteL@,4,7,5,5.253668262471928,4.263166861010451,4.363088727815535,0.75,0.2857142857142857
30,Spanish,1,Non-cognate,tenedor,toro,ola,teneDo4,to4o,ola,furkiL@,tO4o,unaD@,7,4,3,4.4119150825061535,3.781421895129416,NA,0,0.2857142857142857
31,Spanish,1,Unrelated,casa,tambor,cubo,kasa,tambo4,kuBo,kaz@,t@mbo,g@LED@,4,6,4,5.43081035169611,4.159803124824336,4.453689266916584,0.5,0.16666666666666663
32,Spanish,1,Unrelated,gato,tobogán,botón,gato,toBoGan,boton,gat,tuBuGan,buto,4,7,5,5.197695870548564,3.2690402042256377,4.472754872356667,0.75,0.1428571428571429
1,Spanish,2,Cognate,vaca,ventana,ombligo,baka,bentana,ombliGo,bak@,finest4@,m@5ik,4,7,7,5.011167125591806,4.894598348981802,1.7439953971887923,0.75,0.4285714285714286
2,Spanish,2,Non-cognate,botella,boca,caja,boteLa,boka,kaxa,@mpoL@,bok@,kaS@,6,4,4,4.762695895855035,4.826960190966544,5.03458643973813,0.16666666666666663,0.5
3,Spanish,2,Unrelated,globo,bici,cepillo,gloBo,biTi,TepiLo,g5OBus,bisi,r@spaL,5,4,6,5.18741485897161,4.008813220198329,4.644635581171393,0.33333333333333337,0
4,Spanish,2,Unrelated,mono,botón,tobogán,mono,boton,toBoGan,miku,buto,tuBuGan,4,5,7,4.82749801701906,4.472754872356667,3.2690402042256377,0.25,0.4
5,Spanish,2,Cognate,coche,calcetín,plátano,kotSe,kalTetines,platano,kOtÍ¡S@,midZo,p5at@n,5,10,7,5.576088976927431,4.369822110474503,NA,0.4285714285714286,0.30000000000000004
6,Spanish,2,Non-cognate,cama,caja,boca,kama,kaxa,boka,Lit,kaS@,bok@,4,4,4,5.257545917535129,5.03458643973813,4.826960190966544,0,0.75
7,Spanish,2,Unrelated,zumo,cuchara,osito,Tumo,kutSa4a,osito,suk,kuLe4@,uset,4,7,5,5.153421265860236,4.754931061893178,3.0961779153001547,0.25,0.1428571428571429
8,Spanish,2,Unrelated,pato,cubo,tambor,pato,kuBo,tambo4,an@k,g@LED@,t@mbo,4,4,6,4.957247449385189,4.453689266916584,4.159803124824336,0,0.25
9,Spanish,2,Cognate,cebra,cielo,pie,TeB4a,Tjelo,pie,zeB4@,sE5,pEw,5,5,3,4.385964994890852,4.491407205075216,4.578098052901586,0.6,0.19999999999999996
10,Spanish,2,Non-cognate,cerdo,cepillo,bici,Te4Do,TepiLo,biTi,pOrk,r@spaL,bisi,5,6,4,4.8663751292579045,4.644635581171393,4.008813220198329,0,0.5
11,Spanish,2,Unrelated,oreja,cesta,tijeras,o4exas,Testa,tixe4as,u4EL@,sisteL@,tizo4@s,6,5,7,4.414241250262917,4.363088727815535,4.263166861010451,0.16666666666666663,0.16666666666666663
12,Spanish,2,Unrelated,mesa,zanahoria,hormiga,mesa,Tanao4ja,o4miGa,taw5@,p@st@naG@,fu4miG@,4,8,6,4.933626054880948,4.312197121255787,3.737431627686404,0,0.125
13,Spanish,2,Cognate,galleta,guitarra,puerta,gaLeta,gitara,pwe4ta,g@5Et@,gitar@,pOrt@,6,6,6,4.925838985133565,4.127810763169224,5.1815081424535965,0.33333333333333337,0.33333333333333337
14,Spanish,2,Non-cognate,gafas,grifo,mariposa,gafas,g4ifo,ma4iposa,uLe4@s,@SEt@,p@p@Lon@,5,5,8,4.492958258444954,2.619056660580492,4.552543948429198,0.16666666666666663,0.19999999999999996
15,Spanish,2,Unrelated,tomate,gorrión,muñeca,tomate,gorjon,muJeka,tumak@t,p@rDal,nin@,6,6,6,4.257878582799885,NA,4.476791095478122,0.4285714285714286,0.16666666666666663
16,Spanish,2,Unrelated,zapato,gusano,martillo,Tapatos,gusano,ma4tiLo,saB@t@,kuk,m@rteL,7,6,7,4.814956312989726,4.011167125591806,4.435518919356946,0.2857142857142857,0.2857142857142857
17,Spanish,2,Cognate,moto,martillo,gusano,moto,ma4tiLo,gusano,motu,m@rteL,kuk,4,7,6,4.160635904527073,4.435518919356946,4.011167125591806,0.75,0.4285714285714286
18,Spanish,2,Non-cognate,manzana,mariposa,grifo,manTana,ma4iposa,g4ifo,pom@,p@p@Lon@,@SEt@,7,8,5,4.9876534238274886,4.552543948429198,2.619056660580492,0,0.375
19,Spanish,2,Unrelated,vaso,muñeca,gorrión,baso,muJeka,gorjon,gOt,nin@,p@rDal,4,6,6,4.4119150825061535,4.476791095478122,NA,0,0
20,Spanish,2,Unrelated,queso,moneda,pierna,keso,moneDas,pje4nas,furmadZ@,munED@,kam@,4,7,7,4.9441616435519,3.2138174131669555,4.540569730399222,0,0.1428571428571429
21,Spanish,2,Cognate,oveja,ombligo,ventana,oBexa,ombliGo,bentana,uBEL@,m@5ik,finest4@,5,7,7,4.640797094853714,1.7439953971887923,4.894598348981802,0.19999999999999996,0.1428571428571429
22,Spanish,2,Non-cognate,ojo,osito,cuchara,oxos,osito,kutSa4a,uLs,uset,kuLe4@,4,5,7,4.692408362967393,3.0961779153001547,4.754931061893178,0.25,0.19999999999999996
23,Spanish,2,Unrelated,pelota,hormiga,zanahoria,pelota,o4miGa,Tanao4ja,pi5Ot@,fu4miG@,p@st@naG@,6,6,8,5.335171347500584,3.737431627686404,4.312197121255787,0.33333333333333337,0.16666666666666663
24,Spanish,2,Unrelated,tele,ola,toro,tele,ola,to4o,tele,unaD@,tO4o,4,3,4,NA,NA,3.781421895129416,1,0.25
25,Spanish,2,Cognate,pez,puerta,guitarra,peT,pwe4ta,gitara,peS,pOrt@,gitar@,3,6,6,5.035697167918773,5.1815081424535965,4.127810763169224,0.6666666666666667,0.33333333333333337
26,Spanish,2,Non-cognate,perro,pierna,moneda,pero,pje4nas,moneDas,gos,kam@,munED@,4,7,7,5.674817125268227,4.540569730399222,3.2138174131669555,0,0.2857142857142857
27,Spanish,2,Unrelated,barco,pie,cielo,ba4ko,pie,Tjelo,b@SeL,pEw,sE5,5,3,5,4.906559803711811,4.578098052901586,4.491407205075216,0.19999999999999996,0
28,Spanish,2,Unrelated,hoja,plátano,calcetín,oxa,platano,kalTetines,fuL@,p5at@n,midZo,3,7,10,NA,NA,4.369822110474503,0,0.1428571428571429
29,Spanish,2,Cognate,tren,tobogán,botón,t4en,toBoGan,boton,t4En,tuBuGan,buto,4,7,5,5.253668262471928,3.2690402042256377,4.472754872356667,0.75,0.2857142857142857
30,Spanish,2,Non-cognate,tenedor,tijeras,cesta,teneDo4,tixe4as,Testa,furkiL@,tizo4@s,sisteL@,7,7,5,4.4119150825061535,4.263166861010451,4.363088727815535,0,0.2857142857142857
31,Spanish,2,Unrelated,casa,toro,ola,kasa,to4o,ola,kaz@,tO4o,unaD@,4,4,3,5.43081035169611,3.781421895129416,NA,0.5,0
32,Spanish,2,Unrelated,gato,tambor,cubo,gato,tambo4,kuBo,gat,t@mbo,g@LED@,4,6,4,5.197695870548564,4.159803124824336,4.453689266916584,0.75,0.33333333333333337
1,Spanish,3,Cognate,vaca,botón,tobogán,baka,boton,toBoGan,bak@,buto,tuBuGan,4,5,7,5.011167125591806,4.472754872356667,3.2690402042256377,0.75,0.19999999999999996
2,Spanish,3,Non-cognate,botella,ventana,ombligo,boteLa,bentana,ombliGo,@mpoL@,finest4@,m@5ik,6,7,7,4.762695895855035,4.894598348981802,1.7439953971887923,0.16666666666666663,0.4285714285714286
3,Spanish,3,Unrelated,globo,boca,caja,gloBo,boka,kaxa,g5OBus,bok@,kaS@,5,4,4,5.18741485897161,4.826960190966544,5.03458643973813,0.33333333333333337,0.19999999999999996
4,Spanish,3,Unrelated,mono,bici,cepillo,mono,biTi,TepiLo,miku,bisi,r@spaL,4,4,6,4.82749801701906,4.008813220198329,4.644635581171393,0.25,0
5,Spanish,3,Cognate,coche,cubo,tambor,kotSe,kuBo,tambo4,kOtÍ¡S@,g@LED@,t@mbo,5,4,6,5.576088976927431,4.453689266916584,4.159803124824336,0.4285714285714286,0.19999999999999996
6,Spanish,3,Non-cognate,cama,calcetín,plátano,kama,kalTetines,platano,Lit,midZo,p5at@n,4,10,7,5.257545917535129,4.369822110474503,NA,0,0.19999999999999996
7,Spanish,3,Unrelated,zumo,caja,boca,Tumo,kaxa,boka,suk,kaS@,bok@,4,4,4,5.153421265860236,5.03458643973813,4.826960190966544,0.25,0
8,Spanish,3,Unrelated,pato,cuchara,osito,pato,kutSa4a,osito,an@k,kuLe4@,uset,4,7,5,4.957247449385189,4.754931061893178,3.0961779153001547,0,0.1428571428571429
9,Spanish,3,Cognate,cebra,zanahoria,hormiga,TeB4a,Tanao4ja,o4miGa,zeB4@,p@st@naG@,fu4miG@,5,8,6,4.385964994890852,4.312197121255787,3.737431627686404,0.6,0.375
10,Spanish,3,Non-cognate,cerdo,cielo,pie,Te4Do,Tjelo,pie,pOrk,sE5,pEw,5,5,3,4.8663751292579045,4.491407205075216,4.578098052901586,0,0.4
11,Spanish,3,Unrelated,oreja,cepillo,bici,o4exas,TepiLo,biTi,u4EL@,r@spaL,bisi,6,6,4,4.414241250262917,4.644635581171393,4.008813220198329,0.16666666666666663,0
12,Spanish,3,Unrelated,mesa,cesta,tijeras,mesa,Testa,tixe4as,taw5@,sisteL@,tizo4@s,4,5,7,4.933626054880948,4.363088727815535,4.263166861010451,0,0.6
13,Spanish,3,Cognate,galleta,gusano,martillo,gaLeta,gusano,ma4tiLo,g@5Et@,kuk,m@rteL,6,6,7,4.925838985133565,4.011167125591806,4.435518919356946,0.33333333333333337,0.16666666666666663
14,Spanish,3,Non-cognate,gafas,guitarra,puerta,gafas,gitara,pwe4ta,uLe4@s,gitar@,pOrt@,5,6,6,4.492958258444954,4.127810763169224,5.1815081424535965,0.16666666666666663,0.33333333333333337
15,Spanish,3,Unrelated,tomate,grifo,mariposa,tomate,g4ifo,ma4iposa,tumak@t,@SEt@,p@p@Lon@,6,5,8,4.257878582799885,2.619056660580492,4.552543948429198,0.4285714285714286,0
16,Spanish,3,Unrelated,zapato,gorrión,muñeca,Tapatos,gorjon,muJeka,saB@t@,p@rDal,nin@,7,6,6,4.814956312989726,NA,4.476791095478122,0.2857142857142857,0.1428571428571429
17,Spanish,3,Cognate,moto,moneda,pierna,moto,moneDas,pje4nas,motu,munED@,kam@,4,7,7,4.160635904527073,3.2138174131669555,4.540569730399222,0.75,0.2857142857142857
18,Spanish,3,Non-cognate,manzana,martillo,gusano,manTana,ma4tiLo,gusano,pom@,m@rteL,kuk,7,7,6,4.9876534238274886,4.435518919356946,4.011167125591806,0,0.2857142857142857
19,Spanish,3,Unrelated,vaso,mariposa,grifo,baso,ma4iposa,g4ifo,gOt,p@p@Lon@,@SEt@,4,8,5,4.4119150825061535,4.552543948429198,2.619056660580492,0,0.25
20,Spanish,3,Unrelated,queso,muñeca,gorrión,keso,muJeka,gorjon,furmadZ@,nin@,p@rDal,4,6,6,4.9441616435519,4.476791095478122,NA,0,0.16666666666666663
21,Spanish,3,Cognate,oveja,ola,toro,oBexa,ola,to4o,uBEL@,unaD@,tO4o,5,3,4,4.640797094853714,NA,3.781421895129416,0.19999999999999996,0.4
22,Spanish,3,Non-cognate,ojo,ombligo,ventana,oxos,ombliGo,bentana,uLs,m@5ik,finest4@,4,7,7,4.692408362967393,1.7439953971887923,4.894598348981802,0.25,0.1428571428571429
23,Spanish,3,Unrelated,pelota,osito,cuchara,pelota,osito,kutSa4a,pi5Ot@,uset,kuLe4@,6,5,7,5.335171347500584,3.0961779153001547,4.754931061893178,0.33333333333333337,0.16666666666666663
24,Spanish,3,Unrelated,tele,hormiga,zanahoria,tele,o4miGa,Tanao4ja,tele,fu4miG@,p@st@naG@,4,6,8,NA,3.737431627686404,4.312197121255787,1,0
25,Spanish,3,Cognate,pez,plátano,calcetín,peT,platano,kalTetines,peS,p5at@n,midZo,3,7,10,5.035697167918773,NA,4.369822110474503,0.6666666666666667,0.1428571428571429
26,Spanish,3,Non-cognate,perro,puerta,guitarra,pero,pwe4ta,gitara,gos,pOrt@,gitar@,4,6,6,5.674817125268227,5.1815081424535965,4.127810763169224,0,0.33333333333333337
27,Spanish,3,Unrelated,barco,pierna,moneda,ba4ko,pje4nas,moneDas,b@SeL,kam@,munED@,5,7,7,4.906559803711811,4.540569730399222,3.2138174131669555,0.19999999999999996,0.1428571428571429
28,Spanish,3,Unrelated,hoja,pie,cielo,oxa,pie,Tjelo,fuL@,pEw,sE5,3,3,5,NA,4.578098052901586,4.491407205075216,0,0
29,Spanish,3,Cognate,tren,tambor,cubo,t4en,tambo4,kuBo,t4En,t@mbo,g@LED@,4,6,4,5.253668262471928,4.159803124824336,4.453689266916584,0.75,0.16666666666666663
30,Spanish,3,Non-cognate,tenedor,tobogán,botón,teneDo4,toBoGan,boton,furkiL@,tuBuGan,buto,7,7,5,4.4119150825061535,3.2690402042256377,4.472754872356667,0,0.1428571428571429
31,Spanish,3,Unrelated,casa,tijeras,cesta,kasa,tixe4as,Testa,kaz@,tizo4@s,sisteL@,4,7,5,5.43081035169611,4.263166861010451,4.363088727815535,0.5,0.1428571428571429
32,Spanish,3,Unrelated,gato,toro,ola,gato,to4o,ola,gat,tO4o,unaD@,4,4,3,5.197695870548564,3.781421895129416,NA,0.75,0.25
1,English,1,Cognate,boot,bird,milk,but,b36d,mIlk,biTi,flo4,ba4ko,3,4,4,4.4114483500787465,4.841252706882212,5.193010713536578,0.25,0.25
2,English,1,Cognate,train,trousers,ball,tr0eIn,tr0aUs56z,bOl,aBjon,gloBo,botas,6,9,3,5.253668262471928,4.021604611492883,5.335171347500584,0.16666666666666663,0.33333333333333337
3,English,1,Cognate,mask,mouth,plane,m1sk,maUT,pleIn,telefono,peT,letSe,4,4,5,NA,4.826960190966544,4.806012996045904,0,0.25
4,English,1,Cognate,flower,fish,bread,flaU56,fIS,br0Ed,na4iT,somB4e4o,Te4Do,6,3,5,4.624237173084273,NA,4.656748700860115,0.16666666666666663,0.16666666666666663
5,English,1,Cognate,sofa,spoon,frog,soUf5,spun,fr0Ag,raton,siLa,tomate,5,4,5,3.6933854038337053,4.754931061893178,5.51403695150846,0,0.19999999999999996
6,English,1,Cognate,chocolate,cheese,sock,tSAkl5t,tSiz,sAk,pwe4ta,boteLa,kalTetines,7,4,3,4.89120781415925,4.9441616435519,4.369822110474503,0,0.2857142857142857
7,English,1,Cognate,plate,pencil,biscuit,pleIt,pEnsl,bIskIt,pie,kaxa,sofa,5,5,6,4.686747317618606,4.4783951397093595,NA,0.4,0.19999999999999996
8,English,1,Cognate,bike,biscuit,pencil,baIk,bIskIt,pEnsl,biTi,sofa,kaxa,4,6,5,4.008813220198329,NA,4.4783951397093595,0.25,0.33333333333333337
9,English,1,Non-cognate,butterfly,box,pen,bVt56flaI,bAks,pEn,TepiLo,a4Bol,gaLeta,9,4,3,4.552543948429198,5.03458643973813,4.482775955673161,0,0.11111111111111116
10,English,1,Non-cognate,tree,truck,sandwich,tr0i,tr0Vk,s1ndwItS,ka4akol,Tapatos,bokaDiLo,4,5,8,5.081055123509317,5.178723938968551,4.4791949456111055,0,0.6
11,English,1,Non-cognate,pig,peas,chips,pIg,piz,tSIps,patata,lapiT,mono,3,3,5,4.8663751292579045,4.225438025691098,4.488679460465679,0.16666666666666663,0.33333333333333337
12,English,1,Non-cognate,chicken,chips,peas,tSIkIn,tSIps,piz,est4eLa,mono,lapiT,6,5,3,4.828750360368147,4.488679460465679,4.225438025691098,0,0.5
13,English,1,Non-cognate,moon,milk,bird,mun,mIlk,b36d,pantalones,ba4ko,flo4,3,4,4,4.59372184138512,5.193010713536578,4.841252706882212,0.09999999999999998,0.25
14,English,1,Non-cognate,fireengine,foot,teddy,faI@rEndZIn,fUt,tEdi,tiG4e,pingwino,teneDo4,11,3,4,NA,4.578098052901586,3.0961779153001547,0,0.09090909090909094
15,English,1,Non-cognate,brush,bread,fish,br0VS,br0Ed,fIS,poLo,Te4Do,somB4e4o,5,5,3,4.644635581171393,4.656748700860115,NA,0,0.6
16,English,1,Non-cognate,slide,sandwich,truck,slaId,s1ndwItS,tr0Vk,konexo,bokaDiLo,Tapatos,5,8,5,4.676215411065911,4.4791949456111055,5.178723938968551,0,0.25
17,English,1,Unrelated,bottle,frog,spoon,bAtl,fr0Ag,spun,ma4iposa,tomate,siLa,4,5,4,4.762695895855035,5.51403695150846,4.754931061893178,0,0
18,English,1,Unrelated,star,bunny,nappy,stAr,bVni,n1pi,boli,kamjonDeBomBe4os,kutSa4a,4,4,4,4.531455871707207,4.9975756867509755,NA,0,0
19,English,1,Unrelated,monkey,teddy,foot,mVnki,tEdi,fUt,paxa4o,teneDo4,pingwino,5,4,3,4.82749801701906,3.0961779153001547,4.578098052901586,0,0.19999999999999996
20,English,1,Unrelated,door,sock,cheese,dor,sAk,tSiz,tSaketa,kalTetines,boteLa,3,3,4,5.1815081424535965,4.369822110474503,4.9441616435519,0,0
21,English,1,Unrelated,jacket,mouse,bucket,dZ1kI0t,maUs,bVkI0t,patata,boka,luna,7,4,6,4.117826542262622,4.72171900247764,4.3460553885167545,0,0
22,English,1,Unrelated,tiger,chair,fork,taIg56,tSEr,fork,baBe4o,toBoGan,liB4o,6,4,4,4.721032732413474,5.120845983036402,4.4119150825061535,0.16666666666666663,0.16666666666666663
23,English,1,Unrelated,hat,pen,box,h1t,pEn,bAks,elikopte4o,gaLeta,a4Bol,3,3,4,5.15553092939812,4.482775955673161,5.03458643973813,0.09999999999999998,0
24,English,1,Unrelated,nose,ball,trousers,noUz,bOl,tr0aUs56z,keso,botas,gloBo,4,3,9,4.9939271538229875,5.335171347500584,4.021604611492883,0,0
25,English,1,Unrelated,penguin,table,shoe,pENgwIn,teIbl,Su,kamjon,mesa,rana,7,5,2,4.208633956283825,4.933626054880948,4.814956312989726,0.1428571428571429,0
26,English,1,Unrelated,book,fork,chair,bUk,fork,tSEr,plato,liB4o,toBoGan,3,4,4,5.310786309570384,4.4119150825061535,5.120845983036402,0,0.25
27,English,1,Unrelated,tomato,nappy,bunny,t5meItoU,n1pi,bVni,kuBo,kutSa4a,kamjonDeBomBe4os,8,4,4,4.257878582799885,NA,4.9975756867509755,0.125,0
28,English,1,Unrelated,helicopter,bucket,mouse,hElI0kApt56,bVkI0t,maUs,sol,luna,boka,11,6,4,4.3317063622077034,4.3460553885167545,4.72171900247764,0.09090909090909094,0.2727272727272727
29,English,1,Unrelated,sun,plane,mouth,sVn,pleIn,maUT,pelota,letSe,peT,3,5,4,4.628790761137774,4.806012996045904,4.826960190966544,0,0.19999999999999996
30,English,1,Unrelated,potato,snail,balloon,p5teItoU,sneIl,b5lun,pan,osito,t4en,8,5,5,4.14968318386157,4.013508341406709,5.18741485897161,0.125,0.25
31,English,1,Unrelated,phone,balloon,snail,foUn,b5lun,sneIl,gisantes,t4en,osito,4,5,5,4.471943106733589,5.18741485897161,4.013508341406709,0.125,0.19999999999999996
32,English,1,Unrelated,boat,shoe,table,boUt,Su,teIbl,tSokolate,rana,mesa,4,2,5,4.906559803711811,4.814956312989726,4.933626054880948,0.2222222222222222,0
1,English,2,Cognate,plate,plane,mouth,pleIt,pleIn,maUT,pie,letSe,peT,5,5,4,4.686747317618606,4.806012996045904,4.826960190966544,0.4,0.8
2,English,2,Cognate,chocolate,chair,fork,tSAkl5t,tSEr,fork,pwe4ta,toBoGan,liB4o,7,4,4,4.89120781415925,5.120845983036402,4.4119150825061535,0,0.2857142857142857
3,English,2,Cognate,bike,bunny,nappy,baIk,bVni,n1pi,biTi,kamjonDeBomBe4os,kutSa4a,4,4,4,4.008813220198329,4.9975756867509755,NA,0.25,0.25
4,English,2,Cognate,mask,mouse,bucket,m1sk,maUs,bVkI0t,telefono,boka,luna,4,4,6,NA,4.72171900247764,4.3460553885167545,0,0.25
5,English,2,Cognate,train,table,shoe,tr0eIn,teIbl,Su,aBjon,mesa,rana,6,5,2,5.253668262471928,4.933626054880948,4.814956312989726,0.16666666666666663,0.33333333333333337
6,English,2,Cognate,flower,fork,chair,flaU56,fork,tSEr,na4iT,liB4o,toBoGan,6,4,4,4.624237173084273,4.4119150825061535,5.120845983036402,0.16666666666666663,0.16666666666666663
7,English,2,Cognate,boot,bucket,mouse,but,bVkI0t,maUs,biTi,luna,boka,3,6,4,4.4114483500787465,4.3460553885167545,4.72171900247764,0.25,0.33333333333333337
8,English,2,Cognate,sofa,sock,cheese,soUf5,sAk,tSiz,raton,kalTetines,boteLa,5,3,4,3.6933854038337053,4.369822110474503,4.9441616435519,0,0.19999999999999996
9,English,2,Non-cognate,slide,spoon,frog,slaId,spun,fr0Ag,konexo,siLa,tomate,5,4,5,4.676215411065911,4.754931061893178,5.51403695150846,0,0.19999999999999996
10,English,2,Non-cognate,brush,bird,milk,br0VS,b36d,mIlk,poLo,flo4,ba4ko,5,4,4,4.644635581171393,4.841252706882212,5.193010713536578,0,0.19999999999999996
11,English,2,Non-cognate,moon,mouth,plane,mun,maUT,pleIn,pantalones,peT,letSe,3,4,5,4.59372184138512,4.826960190966544,4.806012996045904,0.09999999999999998,0.25
12,English,2,Non-cognate,fireengine,fish,bread,faI@rEndZIn,fIS,br0Ed,tiG4e,somB4e4o,Te4Do,11,3,5,NA,NA,4.656748700860115,0,0.18181818181818177
13,English,2,Non-cognate,pig,pencil,biscuit,pIg,pEnsl,bIskIt,patata,kaxa,sofa,3,5,6,4.8663751292579045,4.4783951397093595,NA,0.16666666666666663,0.19999999999999996
14,English,2,Non-cognate,butterfly,biscuit,pencil,bVt56flaI,bIskIt,pEnsl,TepiLo,sofa,kaxa,9,6,5,4.552543948429198,NA,4.4783951397093595,0,0.11111111111111116
15,English,2,Non-cognate,tree,trousers,ball,tr0i,tr0aUs56z,bOl,ka4akol,gloBo,botas,4,9,3,5.081055123509317,4.021604611492883,5.335171347500584,0,0.33333333333333337
16,English,2,Non-cognate,chicken,cheese,sock,tSIkIn,tSiz,sAk,est4eLa,boteLa,kalTetines,6,4,3,4.828750360368147,4.9441616435519,4.369822110474503,0,0.33333333333333337
17,English,2,Unrelated,boat,shoe,table,boUt,Su,teIbl,tSokolate,rana,mesa,4,2,5,4.906559803711811,4.814956312989726,4.933626054880948,0.2222222222222222,0
18,English,2,Unrelated,sun,pen,box,sVn,pEn,bAks,pelota,gaLeta,a4Bol,3,3,4,4.628790761137774,4.482775955673161,5.03458643973813,0,0.33333333333333337
19,English,2,Unrelated,potato,sandwich,truck,p5teItoU,s1ndwItS,tr0Vk,pan,bokaDiLo,Tapatos,8,8,5,4.14968318386157,4.4791949456111055,5.178723938968551,0.125,0.125
20,English,2,Unrelated,nose,box,pen,noUz,bAks,pEn,keso,a4Bol,gaLeta,4,4,3,4.9939271538229875,5.03458643973813,4.482775955673161,0,0
21,English,2,Unrelated,tomato,nappy,bunny,t5meItoU,n1pi,bVni,kuBo,kutSa4a,kamjonDeBomBe4os,8,4,4,4.257878582799885,NA,4.9975756867509755,0.125,0
22,English,2,Unrelated,phone,bread,fish,foUn,br0Ed,fIS,gisantes,Te4Do,somB4e4o,4,5,3,4.471943106733589,4.656748700860115,NA,0.125,0
23,English,2,Unrelated,penguin,teddy,foot,pENgwIn,tEdi,fUt,kamjon,teneDo4,pingwino,7,4,3,4.208633956283825,3.0961779153001547,4.578098052901586,0.1428571428571429,0.1428571428571429
24,English,2,Unrelated,helicopter,balloon,snail,hElI0kApt56,b5lun,sneIl,sol,t4en,osito,11,5,5,4.3317063622077034,5.18741485897161,4.013508341406709,0.09090909090909094,0.09090909090909094
25,English,2,Unrelated,book,frog,spoon,bUk,fr0Ag,spun,plato,tomate,siLa,3,5,4,5.310786309570384,5.51403695150846,4.754931061893178,0,0
26,English,2,Unrelated,star,ball,trousers,stAr,bOl,tr0aUs56z,boli,botas,gloBo,4,3,9,4.531455871707207,5.335171347500584,4.021604611492883,0,0
27,English,2,Unrelated,jacket,milk,bird,dZ1kI0t,mIlk,b36d,patata,ba4ko,flo4,7,4,4,4.117826542262622,5.193010713536578,4.841252706882212,0,0.1428571428571429
28,English,2,Unrelated,door,snail,balloon,dor,sneIl,b5lun,tSaketa,osito,t4en,3,5,5,5.1815081424535965,4.013508341406709,5.18741485897161,0,0
29,English,2,Unrelated,tiger,chips,peas,taIg56,tSIps,piz,baBe4o,mono,lapiT,6,5,3,4.721032732413474,4.488679460465679,4.225438025691098,0.16666666666666663,0.33333333333333337
30,English,2,Unrelated,hat,peas,chips,h1t,piz,tSIps,elikopte4o,lapiT,mono,3,3,5,5.15553092939812,4.225438025691098,4.488679460465679,0.09999999999999998,0
31,English,2,Unrelated,monkey,truck,sandwich,mVnki,tr0Vk,s1ndwItS,paxa4o,Tapatos,bokaDiLo,5,5,8,4.82749801701906,5.178723938968551,4.4791949456111055,0,0
32,English,2,Unrelated,bottle,foot,teddy,bAtl,fUt,tEdi,ma4iposa,pingwino,teneDo4,4,3,4,4.762695895855035,4.578098052901586,3.0961779153001547,0,0.25
1,English,3,Cognate,flower,frog,spoon,flaU56,fr0Ag,spun,na4iT,tomate,siLa,6,5,4,4.624237173084273,5.51403695150846,4.754931061893178,0.16666666666666663,0.16666666666666663
2,English,3,Cognate,train,teddy,foot,tr0eIn,tEdi,fUt,aBjon,teneDo4,pingwino,6,4,3,5.253668262471928,3.0961779153001547,4.578098052901586,0.16666666666666663,0.16666666666666663
3,English,3,Cognate,boot,balloon,snail,but,b5lun,sneIl,biTi,t4en,osito,3,5,5,4.4114483500787465,5.18741485897161,4.013508341406709,0.25,0.4
4,English,3,Cognate,sofa,snail,balloon,soUf5,sneIl,b5lun,raton,osito,t4en,5,5,5,3.6933854038337053,4.013508341406709,5.18741485897161,0,0.19999999999999996
5,English,3,Cognate,mask,mouse,bucket,m1sk,maUs,bVkI0t,telefono,boka,luna,4,4,6,NA,4.72171900247764,4.3460553885167545,0,0.25
6,English,3,Cognate,bike,ball,trousers,baIk,bOl,tr0aUs56z,biTi,botas,gloBo,4,3,9,4.008813220198329,5.335171347500584,4.021604611492883,0.25,0.25
7,English,3,Cognate,plate,pen,box,pleIt,pEn,bAks,pie,gaLeta,a4Bol,5,3,4,4.686747317618606,4.482775955673161,5.03458643973813,0.4,0.19999999999999996
8,English,3,Cognate,chocolate,chair,fork,tSAkl5t,tSEr,fork,pwe4ta,toBoGan,liB4o,7,4,4,4.89120781415925,5.120845983036402,4.4119150825061535,0,0.2857142857142857
9,English,3,Non-cognate,pig,plane,mouth,pIg,pleIn,maUT,patata,letSe,peT,3,5,4,4.8663751292579045,4.806012996045904,4.826960190966544,0.16666666666666663,0.4
10,English,3,Non-cognate,tree,table,shoe,tr0i,teIbl,Su,ka4akol,mesa,rana,4,5,2,5.081055123509317,4.933626054880948,4.814956312989726,0,0.19999999999999996
11,English,3,Non-cognate,butterfly,bunny,nappy,bVt56flaI,bVni,n1pi,TepiLo,kamjonDeBomBe4os,kutSa4a,9,4,4,4.552543948429198,4.9975756867509755,NA,0,0.2222222222222222
12,English,3,Non-cognate,chicken,cheese,sock,tSIkIn,tSiz,sAk,est4eLa,boteLa,kalTetines,6,4,3,4.828750360368147,4.9441616435519,4.369822110474503,0,0.33333333333333337
13,English,3,Non-cognate,brush,bucket,mouse,br0VS,bVkI0t,maUs,poLo,luna,boka,5,6,4,4.644635581171393,4.3460553885167545,4.72171900247764,0,0.16666666666666663
14,English,3,Non-cognate,moon,mouth,plane,mun,maUT,pleIn,pantalones,peT,letSe,3,4,5,4.59372184138512,4.826960190966544,4.806012996045904,0.09999999999999998,0.25
15,English,3,Non-cognate,fireengine,fork,chair,faI@rEndZIn,fork,tSEr,tiG4e,liB4o,toBoGan,11,4,4,NA,4.4119150825061535,5.120845983036402,0,0.18181818181818177
16,English,3,Non-cognate,slide,sock,cheese,slaId,sAk,tSiz,konexo,kalTetines,boteLa,5,3,4,4.676215411065911,4.369822110474503,4.9441616435519,0,0.19999999999999996
17,English,3,Unrelated,jacket,milk,bird,dZ1kI0t,mIlk,b36d,patata,ba4ko,flo4,7,4,4,4.117826542262622,5.193010713536578,4.841252706882212,0,0.1428571428571429
18,English,3,Unrelated,tiger,chips,peas,taIg56,tSIps,piz,baBe4o,mono,lapiT,6,5,3,4.721032732413474,4.488679460465679,4.225438025691098,0.16666666666666663,0.33333333333333337
19,English,3,Unrelated,bottle,fish,bread,bAtl,fIS,br0Ed,ma4iposa,somB4e4o,Te4Do,4,3,5,4.762695895855035,NA,4.656748700860115,0,0
20,English,3,Unrelated,star,box,pen,stAr,bAks,pEn,boli,a4Bol,gaLeta,4,4,3,4.531455871707207,5.03458643973813,4.482775955673161,0,0
21,English,3,Unrelated,door,sandwich,truck,dor,s1ndwItS,tr0Vk,tSaketa,bokaDiLo,Tapatos,3,8,5,5.1815081424535965,4.4791949456111055,5.178723938968551,0,0.125
22,English,3,Unrelated,hat,pencil,biscuit,h1t,pEnsl,bIskIt,elikopte4o,kaxa,sofa,3,5,6,5.15553092939812,4.4783951397093595,NA,0.09999999999999998,0
23,English,3,Unrelated,monkey,trousers,ball,mVnki,tr0aUs56z,bOl,paxa4o,gloBo,botas,5,9,3,4.82749801701906,4.021604611492883,5.335171347500584,0,0
24,English,3,Unrelated,book,foot,teddy,bUk,fUt,tEdi,plato,pingwino,teneDo4,3,3,4,5.310786309570384,4.578098052901586,3.0961779153001547,0,0.33333333333333337
25,English,3,Unrelated,helicopter,bread,fish,hElI0kApt56,br0Ed,fIS,sol,Te4Do,somB4e4o,11,5,3,4.3317063622077034,4.656748700860115,NA,0.09090909090909094,0.09090909090909094
26,English,3,Unrelated,potato,spoon,frog,p5teItoU,spun,fr0Ag,pan,siLa,tomate,8,4,5,4.14968318386157,4.754931061893178,5.51403695150846,0.125,0
27,English,3,Unrelated,phone,bird,milk,foUn,b36d,mIlk,gisantes,flo4,ba4ko,4,4,4,4.471943106733589,4.841252706882212,5.193010713536578,0.125,0
28,English,3,Unrelated,penguin,truck,sandwich,pENgwIn,tr0Vk,s1ndwItS,kamjon,Tapatos,bokaDiLo,7,5,8,4.208633956283825,5.178723938968551,4.4791949456111055,0.1428571428571429,0
29,English,3,Unrelated,nose,biscuit,pencil,noUz,bIskIt,pEnsl,keso,sofa,kaxa,4,6,5,4.9939271538229875,NA,4.4783951397093595,0,0
30,English,3,Unrelated,tomato,nappy,bunny,t5meItoU,n1pi,bVni,kuBo,kutSa4a,kamjonDeBomBe4os,8,4,4,4.257878582799885,NA,4.9975756867509755,0.125,0
31,English,3,Unrelated,sun,peas,chips,sVn,piz,tSIps,pelota,lapiT,mono,3,3,5,4.628790761137774,4.225438025691098,4.488679460465679,0,0
32,English,3,Unrelated,boat,shoe,table,boUt,Su,teIbl,tSokolate,rana,mesa,4,2,5,4.906559803711811,4.814956312989726,4.933626054880948,0.2222222222222222,0
1,English,4,Cognate,bike,box,pen,baIk,bAks,pEn,biTi,a4Bol,gaLeta,4,4,3,4.008813220198329,5.03458643973813,4.482775955673161,0.25,0.25
2,English,4,Cognate,plate,peas,chips,pleIt,piz,tSIps,pie,lapiT,mono,5,3,5,4.686747317618606,4.225438025691098,4.488679460465679,0.4,0.19999999999999996
3,English,4,Cognate,chocolate,chips,peas,tSAkl5t,tSIps,piz,pwe4ta,mono,lapiT,7,5,3,4.89120781415925,4.488679460465679,4.225438025691098,0,0.2857142857142857
4,English,4,Cognate,sofa,sandwich,truck,soUf5,s1ndwItS,tr0Vk,raton,bokaDiLo,Tapatos,5,8,5,3.6933854038337053,4.4791949456111055,5.178723938968551,0,0.125
5,English,4,Cognate,mask,milk,bird,m1sk,mIlk,b36d,telefono,ba4ko,flo4,4,4,4,NA,5.193010713536578,4.841252706882212,0,0.5
6,English,4,Cognate,train,truck,sandwich,tr0eIn,tr0Vk,s1ndwItS,aBjon,Tapatos,bokaDiLo,6,5,8,5.253668262471928,5.178723938968551,4.4791949456111055,0.16666666666666663,0.5
7,English,4,Cognate,flower,foot,teddy,flaU56,fUt,tEdi,na4iT,pingwino,teneDo4,6,3,4,4.624237173084273,4.578098052901586,3.0961779153001547,0.16666666666666663,0.33333333333333337
8,English,4,Cognate,boot,bread,fish,but,br0Ed,fIS,biTi,Te4Do,somB4e4o,3,5,3,4.4114483500787465,4.656748700860115,NA,0.25,0.19999999999999996
9,English,4,Non-cognate,slide,snail,balloon,slaId,sneIl,b5lun,konexo,osito,t4en,5,5,5,4.676215411065911,4.013508341406709,5.18741485897161,0,0.4
10,English,4,Non-cognate,moon,mouse,bucket,mun,maUs,bVkI0t,pantalones,boka,luna,3,4,6,4.59372184138512,4.72171900247764,4.3460553885167545,0.09999999999999998,0.25
11,English,4,Non-cognate,fireengine,frog,spoon,faI@rEndZIn,fr0Ag,spun,tiG4e,tomate,siLa,11,5,4,NA,5.51403695150846,4.754931061893178,0,0.18181818181818177
12,English,4,Non-cognate,brush,balloon,snail,br0VS,b5lun,sneIl,poLo,t4en,osito,5,5,5,4.644635581171393,5.18741485897161,4.013508341406709,0,0.19999999999999996
13,English,4,Non-cognate,chicken,chair,fork,tSIkIn,tSEr,fork,est4eLa,toBoGan,liB4o,6,4,4,4.828750360368147,5.120845983036402,4.4119150825061535,0,0.33333333333333337
14,English,4,Non-cognate,butterfly,ball,trousers,bVt56flaI,bOl,tr0aUs56z,TepiLo,botas,gloBo,9,3,9,4.552543948429198,5.335171347500584,4.021604611492883,0,0.2222222222222222
15,English,4,Non-cognate,tree,teddy,foot,tr0i,tEdi,fUt,ka4akol,teneDo4,pingwino,4,4,3,5.081055123509317,3.0961779153001547,4.578098052901586,0,0.5
16,English,4,Non-cognate,pig,pen,box,pIg,pEn,bAks,patata,gaLeta,a4Bol,3,3,4,4.8663751292579045,4.482775955673161,5.03458643973813,0.16666666666666663,0.33333333333333337
17,English,4,Unrelated,phone,bucket,mouse,foUn,bVkI0t,maUs,gisantes,luna,boka,4,6,4,4.471943106733589,4.3460553885167545,4.72171900247764,0.125,0
18,English,4,Unrelated,nose,bunny,nappy,noUz,bVni,n1pi,keso,kamjonDeBomBe4os,kutSa4a,4,4,4,4.9939271538229875,4.9975756867509755,NA,0,0
19,English,4,Unrelated,potato,sock,cheese,p5teItoU,sAk,tSiz,pan,kalTetines,boteLa,8,3,4,4.14968318386157,4.369822110474503,4.9441616435519,0.125,0
20,English,4,Unrelated,book,fish,bread,bUk,fIS,br0Ed,plato,somB4e4o,Te4Do,3,3,5,5.310786309570384,NA,4.656748700860115,0,0
21,English,4,Unrelated,tomato,nappy,bunny,t5meItoU,n1pi,bVni,kuBo,kutSa4a,kamjonDeBomBe4os,8,4,4,4.257878582799885,NA,4.9975756867509755,0.125,0
22,English,4,Unrelated,sun,pencil,biscuit,sVn,pEnsl,bIskIt,pelota,kaxa,sofa,3,5,6,4.628790761137774,4.4783951397093595,NA,0,0.19999999999999996
23,English,4,Unrelated,penguin,trousers,ball,pENgwIn,tr0aUs56z,bOl,kamjon,gloBo,botas,7,9,3,4.208633956283825,4.021604611492883,5.335171347500584,0.1428571428571429,0
24,English,4,Unrelated,helicopter,bird,milk,hElI0kApt56,b36d,mIlk,sol,flo4,ba4ko,11,4,4,4.3317063622077034,4.841252706882212,5.193010713536578,0.09090909090909094,0
25,English,4,Unrelated,boat,shoe,table,boUt,Su,teIbl,tSokolate,rana,mesa,4,2,5,4.906559803711811,4.814956312989726,4.933626054880948,0.2222222222222222,0
26,English,4,Unrelated,door,spoon,frog,dor,spun,fr0Ag,tSaketa,siLa,tomate,3,4,5,5.1815081424535965,4.754931061893178,5.51403695150846,0,0
27,English,4,Unrelated,hat,plane,mouth,h1t,pleIn,maUT,elikopte4o,letSe,peT,3,5,4,5.15553092939812,4.806012996045904,4.826960190966544,0.09999999999999998,0
28,English,4,Unrelated,monkey,table,shoe,mVnki,teIbl,Su,paxa4o,mesa,rana,5,5,2,4.82749801701906,4.933626054880948,4.814956312989726,0,0
29,English,4,Unrelated,jacket,mouth,plane,dZ1kI0t,maUT,pleIn,patata,peT,letSe,7,4,5,4.117826542262622,4.826960190966544,4.806012996045904,0,0
30,English,4,Unrelated,star,biscuit,pencil,stAr,bIskIt,pEnsl,boli,sofa,kaxa,4,6,5,4.531455871707207,NA,4.4783951397093595,0,0.16666666666666663
31,English,4,Unrelated,bottle,fork,chair,bAtl,fork,tSEr,ma4iposa,liB4o,toBoGan,4,4,4,4.762695895855035,4.4119150825061535,5.120845983036402,0,0
32,English,4,Unrelated,tiger,cheese,sock,taIg56,tSiz,sAk,baBe4o,boteLa,kalTetines,6,4,3,4.721032732413474,4.9441616435519,4.369822110474503,0.16666666666666663,0.16666666666666663
