"participant","id_db","date_test","lp","doe_catalan","doe_spanish","doe_others","age_group","test_language","list","version","filename"
"cognatepriming18","54377",2019-11-26,"Bilingual",0.54,0.46,0,"30 months","Spanish",1,"euro","CognatePriming_018_2019-11-26_2.csv"
"cognatepriming19","54731",2019-11-28,"Bilingual",0.58,0.4,0,"30 months","Catalan",2,"ll","CognatePriming_019_2019-11-28.csv"
"cognatepriming20","54538",2019-11-30,"Bilingual",0.26,0.74,0,"30 months","Spanish",1,"euro","CognatePriming_020_2019-11-30.csv"
"cognatepriming21","54379",2019-11-30,"Bilingual",0.56,0.4,0,"30 months","Spanish",2,"euro","CognatePriming_021_2019-11-30.csv"
"cognatepriming22","50010",2019-11-30,"Bilingual",0.24,0.76,0,"30 months","Catalan",3,"i","CognatePriming_022_2019-11-30.csv"
"cognatepriming23","54548",2019-11-30,"Monolingual",0.02,0.98,0,"30 months","Spanish",3,"euro","CognatePriming_023_2019-11-30.csv"
"cognatepriming25","54250",2019-12-14,"Monolingual",0.82,0.18,0,"30 months","Catalan",1,"ll","CognatePriming_025_2019-12-14.csv"
"cognatepriming26","54487",2019-12-14,"Bilingual",0.57,0.43,0,"30 months","Catalan",1,"i","CognatePriming_026_2019-12-14.csv"
"cognatepriming27","54840",2019-12-14,"Monolingual",0.88,0.11,0,"30 months","Catalan",2,"ll","CognatePriming_027_2019-12-14_1.csv"
"cognatepriming28","54469",2019-12-14,"Monolingual",0.07,0.93,0,"30 months","Spanish",3,"latin","CognatePriming_028_2019-12-14.csv"
"cognatepriming29","54639",2020-01-15,"Bilingual",0.24,0.76,0,"30 months","Spanish",1,"euro","CognatePriming_029_2020-01-15.csv"
"cognatepriming30","54705",2020-01-18,"Monolingual",0.16,0.84,0,"30 months","Spanish",3,"euro","CognatePriming_030_2020-01-17.csv"
"cognatepriming31","54680",2020-01-17,"Bilingual",0.44,0.66,0,"30 months","Spanish",2,"euro","CognatePriming_031_2020-01-18.csv"
"cognatepriming32","55537",2020-01-18,"Bilingual",0.53,0.47,0,"30 months","Catalan",2,"ll","CognatePriming_032_2020-01-18_1.csv"
"cognatepriming33","54717",2020-01-23,"Monolingual",0.18,0.82,0,"30 months","Spanish",1,"euro","CognatePriming_033_2020-01-23.csv"
"cognatepriming34","54709",2020-01-28,"Bilingual",0.58,0.37,0,"30 months","Catalan",1,"i","CognatePriming_034_2020-01-28.csv"
"cognatepriming35","55108",2020-02-01,"Bilingual",0.5,0.46,0.04,"30 months","Catalan",2,"ll","CognatePriming_035_2020-02-01.csv"
"cognatepriming36","54875",2020-02-06,"Monolingual",0.11,0.89,0,"30 months","Spanish",1,"euro","CognatePriming_036_2020-02-06.csv"
"cognatepriming37","58059",2020-02-08,"Bilingual",0.02,0.48,0.3,"25 months","Spanish",3,"euro","CognatePriming_037_2020-02-08.csv"
"cognatepriming38","54816",2020-02-10,"Monolingual",0.84,0.16,0,"30 months","Catalan",3,"ll","CognatePriming_038_2020-02-10.csv"
"cognatepriming39","54788",2020-02-10,"Monolingual",0,1,0,"30 months","Spanish",2,"euro","CognatePriming_039_2020-02-10.csv"
"cognatepriming40","54866",2020-02-14,"Monolingual",0.85,0.15,0,"30 months","Catalan",1,"ll","CognatePriming_040_2020-02-14.csv"
"cognatepriming41","54912",2020-02-15,"Monolingual",0.02,0.98,0,"30 months","Spanish",2,"euro","CognatePriming_041_2020-02-15.csv"
"cognatepriming42","54993",2020-02-25,"Bilingual",0.23,0.77,0,"30 months","Spanish",3,"euro","CognatePriming_042_2020-02-25.csv"
"cognatepriming43","54960",2020-02-28,"Bilingual",0.49,0.51,0,"30 months","Spanish",2,"euro","CognatePriming_043_2020-02-28_2.csv"
"cognatepriming44","54815",2020-02-29,"Bilingual",0.42,0.58,0,"30 months","Catalan",2,"ll","CognatePriming_044_2020-02-29_1.csv"
"cognatepriming45","55867",2020-03-07,"Bilingual",0.56,0.44,0,"21 months","Catalan",1,"ll","CognatePriming_045_2020-03-07_2.csv"
"cognatepriming47","55877",2020-03-11,"Monolingual",1,0,0,"21 months","Catalan",1,"ll","CognatePriming_047_2020-03-11.csv"
"cognatepriming48","55878",2020-03-11,"Bilingual",0.51,0.49,0,"21 months","Spanish",2,"euro","CognatePriming_048_2020-03-11.csv"
"cognatepriming49","56762",2020-11-06,"Monolingual",0.97,0,0,"21 months","Catalan",3,"ll","CognatePriming_049_2020-11-06_2.csv"
"cognatepriming50","56937",2020-11-07,"Monolingual",1,0,0,"21 months","Catalan",2,"ll","CognatePriming_050_2020-11-07.csv"
"cognatepriming51","56911",2020-11-07,"Monolingual",0.92,0.08,0,"21 months","Catalan",1,"ll","CognatePriming_051_2020-11-07.csv"
"cognatepriming52","56876",2020-11-09,"Monolingual",0.92,0.08,0,"21 months","Catalan",2,"ll","CognatePriming_052_2020-11-09.csv"
"cognatepriming53","56334",2020-11-14,"Monolingual",0.91,0.07,0,"25 months","Catalan",2,"ll","CognatePriming_053_2020-11-14.csv"
"cognatepriming54","56985",2020-11-14,"Monolingual",0.08,0.92,0,"21 months","Spanish",1,"euro","CognatePriming_054_2020-11-14.csv"
"cognatepriming55","56766",2020-11-14,"Bilingual",0.68,0.32,0,"21 months","Catalan",1,"ll","CognatePriming_055_2020-11-14.csv"
"cognatepriming56","56772",2020-11-14,"Monolingual",0.16,0.84,0,"21 months","Spanish",2,"latin","CognatePriming_056_2020-11-14.csv"
"cognatepriming57","56771",2020-11-16,"Bilingual",0.55,0.45,0,"21 months","Catalan",3,"ll","CognatePriming_057_2020-11-16.csv"
"cognatepriming58","56232",2020-11-17,"Monolingual",0.8,0.2,0,"25 months","Catalan",3,"ll","CognatePriming_058_2020-11-17.csv"
"cognatepriming59","56346",2020-11-18,"Monolingual",0.97,0.03,0,"25 months","Catalan",2,"ll","CognatePriming_059_2020-11-18.csv"
"cognatepriming60","56366",2020-11-19,"Bilingual",0.23,0.77,0,"25 months","Spanish",3,"euro","CognatePriming_060_2020-11-19_1.csv"
"cognatepriming61","56224",2020-12-05,"Bilingual",0.3,0.7,0,"25 months","Spanish",2,"euro","CognatePriming_061_2020-12-05.csv"
"cognatepriming62","56995",2020-11-21,"Monolingual",0.99,0,0,"21 months","Catalan",1,"ll","CognatePriming_062_2020-11-21.csv"
"cognatepriming64","56237",2020-11-21,"Monolingual",0.99,0.01,0,"25 months","Spanish",1,"latin","CognatePriming_064_2020-11-21.csv"
"cognatepriming65","56363",2020-11-25,"Monolingual",1,0,0,"25 months","Catalan",1,"ll","CognatePriming_065_2020-11-25.csv"
"cognatepriming66","56465",2020-11-26,"Bilingual",0.37,0.63,0,"25 months","Spanish",1,"euro","CognatePriming_066_2020-11-26.csv"
"cognatepriming67","56374",2020-11-27,"Bilingual",0.53,0.47,0,"25 months","Catalan",1,"ll","CognatePriming_067_2020-11-27.csv"
"cognatepriming68","56523",2020-11-27,"Bilingual",0.63,0.37,0,"25 months","Catalan",1,"ll","CognatePriming_068_2020-11-27.csv"
"cognatepriming69","56352",2020-11-28,"Monolingual",0.05,0.92,0,"25 months","Spanish",2,"euro","CognatePriming_069_2020-11-28.csv"
"cognatepriming70","57059",2020-12-01,"Monolingual",0.02,0.98,0,"21 months","Spanish",3,"euro","CognatePriming_070_2020-12-01.csv"
"cognatepriming71","56984",2020-12-01,"Bilingual",0.71,0.29,0,"21 months","Catalan",1,"ll","CognatePriming_071_2020-12-01.csv"
"cognatepriming72","57028",2020-12-04,"Monolingual",0.14,0.86,0,"21 months","Spanish",3,"euro","CognatePriming_072_2020-12-04.csv"
"cognatepriming73","57062",2020-12-04,"Monolingual",0.01,0.97,0,"21 months","Spanish",2,"euro","CognatePriming_073_2020-12-04.csv"
"cognatepriming74","56371",2020-12-05,"Monolingual",0.03,0.97,0,"25 months","Catalan",3,"ll","CognatePriming_074_2020-12-05.csv"
"cognatepriming75","56528",2020-12-09,"Monolingual",0.81,0.19,0,"25 months","Catalan",2,"ll","CognatePriming_075_2020-12-09.csv"
"cognatepriming76","57436",2020-12-12,"Bilingual",0.52,0.48,0,"21 months","Spanish",1,"euro","CognatePriming_076_2020-12-12.csv"
"cognatepriming77","57139",2020-12-12,"Monolingual",1,0,0,"21 months","Catalan",2,"ll","CognatePriming_077_2020-12-12.csv"
"cognatepriming78","57050",2020-12-16,"Monolingual",1,0,0,"21 months","Catalan",3,"ll","CognatePriming_078_2020-12-16.csv"
"cognatepriming79","57157",2020-12-16,"Monolingual",1,0,0,"21 months","Catalan",3,"ll","CognatePriming_079_2020-12-16.csv"
"cognatepriming80","56344",2020-12-19,"Bilingual",0.4,0.6,0,"21 months","Spanish",3,"euro","CognatePriming_080_2020-12-19_1.csv"
"cognatepriming81","57092",2020-12-21,"Monolingual",0.96,0.04,0,"21 months","Catalan",3,"ll","CognatePriming_081_2020-12-21.csv"
"cognatepriming82","57097",2020-12-21,"Monolingual",0,1,0,"21 months","Spanish",3,"euro","CognatePriming_082_2020-12-21.csv"
"cognatepriming83","57111",2021-01-16,"Monolingual",0.08,0.82,0,"21 months","Spanish",2,"euro","CognatePriming_083_2021-01-16.csv"
"cognatepriming84","57177",2021-01-22,"Monolingual",0.99,0.01,0,"21 months","Catalan",1,"ll","CognatePriming_084_2021-01-22.csv"
"cognatepriming85","57170",2021-01-22,"Monolingual",1,0,0,"21 months","Catalan",2,"ll","CognatePriming_085_2021-01-22.csv"
"cognatepriming86","57159",2021-01-29,"Bilingual",0.38,0.62,0,"21 months","Catalan",3,"i","CognatePriming_086_2021-01-29.csv"
"cognatepriming87","57201",2021-01-30,"Monolingual",0.95,0.05,0,"21 months","Catalan",2,"ll","CognatePriming_087_2021-01-30.csv"
"cognatepriming88","57222",2021-01-30,"Bilingual",0.39,0.61,0,"21 months","Spanish",3,"euro","CognatePriming_088_2021-01-30.csv"
"cognatepriming89","57241",2021-02-02,"Monolingual",0.97,0.03,0,"21 months","Catalan",3,"ll","CognatePriming_089_2021-02-02.csv"
"cognatepriming90","57427",2021-02-06,"Bilingual",0.55,0.45,0,"21 months","Catalan",1,"ll","CognatePriming_090_2021-02-06_2.csv"
"cognatepriming91","57165",2021-02-06,"Monolingual",0.03,0.97,0,"21 months","Spanish",1,"euro","CognatePriming_091_2021-02-06.csv"
"cognatepriming92","57250",2021-02-06,"Monolingual",0.9,0.1,0,"21 months","Catalan",2,"ll","CognatePriming_092_2021-02-06.csv"
"cognatepriming93","57273",2021-02-13,"Bilingual",0.28,0.72,0,"21 months","Spanish",1,"euro","CognatePriming_093_2021-02-13.csv"
"cognatepriming49","56762",2021-02-13,"Monolingual",0.97,0.03,0,"25 months","Catalan",3,"ll","CognatePriming_049_2021-02-13.csv"
"cognatepriming94","57243",2021-02-13,"Monolingual",0,1,0,"21 months","Spanish",1,"euro","CognatePriming_094_2021-02-13.csv"
"cognatepriming95","57227",2021-02-13,"Monolingual",0.95,0.05,0,"21 months","Catalan",1,"ll","CognatePriming_095_2021-02-13_1.csv"
"cognatepriming96","57324",2021-02-13,"Monolingual",0.03,0.97,0,"21 months","Catalan",1,"ll","CognatePriming_096_2021-02-13.csv"
"cognatepriming97","57374",2021-02-19,"Monolingual",0,1,0,"21 months","Spanish",2,"euro","CognatePriming_097_2021-02-19.csv"
"cognatepriming98","57337",2021-02-20,"Bilingual",0.73,0.27,0,"21 months","Catalan",2,"ll","CognatePriming_098_2021-02-20.csv"
"cognatepriming55","56766",2021-02-20,"Bilingual",0.67,0.31,0.02,"25 months","Catalan",1,"ll","CognatePriming_055_2021-02-20_1.csv"
"cognatepriming99","57239",2021-02-20,"Bilingual",0.3,0.7,0,"21 months","Spanish",2,"euro","CognatePriming_099_2021-02-20_1.csv"
"cognatepriming100","57274",2021-02-20,"Bilingual",0.66,0.34,0,"21 months","Catalan",3,"ll","CognatePriming_100_2021-02-20_1.csv"
"cognatepriming101","57240",2021-02-20,"Monolingual",1,0,0,"21 months","Catalan",2,"ll","CognatePriming_101_2021-02-20_1.csv"
"cognatepriming102","57839",2021-02-26,"Monolingual",1,0,0,"21 months","Catalan",1,"ll","CognatePriming_102_2021-02-26.csv"
"cognatepriming103","57336",2021-02-27,"Bilingual",0.66,0.34,0,"21 months","Catalan",2,"i","CognatePriming_103_2021-02-27.csv"
"cognatepriming104","57340",2021-02-27,"Monolingual",0,1,0,"21 months","Spanish",3,"euro","CognatePriming_104_2021-02-27.csv"
"cognatepriming105","57293",2021-02-27,"Bilingual",0.56,0.44,0,"21 months","Catalan",2,"ll","CognatePriming_105_2021-02-27_1.csv"
"cognatepriming57","56771",2021-03-05,"Bilingual",0.55,0.45,0,"25 months","Catalan",3,"ll","CognatePriming_057_2021-03-05.csv"
"cognatepriming51","56911",2021-03-06,"Monolingual",0.92,0.08,0,"25 months","Catalan",1,"ll","CognatePriming_051_2021-03-06_1.csv"
"cognatepriming106","58347",2021-03-13,"Bilingual",0.26,0.74,0,"21 months","Spanish",1,"euro","CognatePriming_106_2021-03-13_1.csv"
"cognatepriming50","56937",2021-03-13,"Monolingual",0.99,0.01,0,"25 months","Catalan",2,"ll","CognatePriming_050_2021-03-13.csv"
"cognatepriming107","58328",2021-03-13,"Monolingual",1,0,0,"21 months","Catalan",1,"ll","CognatePriming_107_2021-03-13.csv"
"cognatepriming108","57464",2021-03-15,"Bilingual",0.44,0.56,0,"21 months","Spanish",2,"euro","CognatePriming_108_2021-03-15.csv"
"cognatepriming54","56985",2021-03-17,"Monolingual",0.09,0.91,0,"25 months","Spanish",1,"euro","CognatePriming_054_2021-03-17.csv"
"cognatepriming74","56371",2021-03-20,"Monolingual",0.98,0.02,0,"30 months","Catalan",3,"ll","CognatePriming_074_2021-03-20_1.csv"
"cognatepriming52","56876",2021-03-22,"Monolingual",0.92,0.08,0,"25 months","Catalan",2,"ll","CognatePriming_052_2021-03-22.csv"
"cognatepriming64","56237",2021-04-10,"Monolingual",0.05,0.95,0,"30 months","Spanish",1,"latin","CognatePriming_064_2021-04-10_1.csv"
"cognatepriming80","56344",2021-04-10,"Bilingual",0.42,0.58,0,"30 months","Spanish",3,"euro","CognatePriming_080_2021-04-10.csv"
"cognatepriming59","56346",2021-04-13,"Monolingual",0.97,0.03,0,"30 months","Catalan",2,"ll","CognatePriming_059_2021-04-13.csv"
"cognatepriming109","57462",2021-04-14,"Bilingual",0.71,0.29,0,"21 months","Catalan",3,"ll","CognatePriming_109_2021-04-14.csv"
"cognatepriming111","58319",2021-04-17,"Bilingual",0.62,0.38,0,"30 months","Catalan",3,"ll","CognatePriming_111_2021-04-17.csv"
"cognatepriming53","56334",2021-04-17,"Monolingual",0.92,0.08,0,"30 months","Catalan",2,"ll","CognatePriming_053_2021-04-17.csv"
"cognatepriming67","56374",2021-04-22,"Bilingual",0.54,0.46,0,"30 months","Catalan",1,"ll","CognatePriming_067_2021-04-22.csv"
"cognatepriming65","56363",2021-04-22,"Monolingual",1,0,0,"30 months","Catalan",1,"ll","CognatePriming_065_2021-04-22.csv"
"cognatepriming60","56366",2021-04-26,"Bilingual",0.25,0.75,0,"30 months","Spanish",3,"euro","CognatePriming_060_2021-04-26.csv"
"cognatepriming58","56232",2021-04-28,"Bilingual",0.8,0.2,0,"30 months","Catalan",3,"ll","CognatePriming_058_2021-04-28.csv"
"cognatepriming70","57059",2021-04-28,"Monolingual",0.04,0.96,0,"25 months","Spanish",3,"euro","CognatePriming_070_2021-04-28.csv"
"cognatepriming72","57028",2021-04-29,"Monolingual",0.16,0.84,0,"25 months","Spanish",3,"euro","CognatePriming_072_2021-04-29_1.csv"
"cognatepriming78","57050",2021-04-29,"Monolingual",1,0,0,"25 months","Catalan",3,"ll","CognatePriming_078_2021-04-29.csv"
"cognatepriming73","57062",2021-04-30,"Monolingual",0.01,0.96,0,"25 months","Spanish",2,"euro","CognatePriming_073_2021-04-30_1.csv"
"cognatepriming81","57092",2021-05-03,"Monolingual",0.95,0.05,0,"25 months","Catalan",3,"ll","CognatePriming_081_2021-05-03.csv"
"cognatepriming82","57097",2021-05-07,"Monolingual",0,1,0,"25 months","Spanish",3,"euro","CognatePriming_082_2021-05-07.csv"
"cognatepriming76","57436",2021-05-08,"Bilingual",0.52,0.48,0,"25 months","Spanish",1,"euro","CognatePriming_076_2021-05-08.csv"
"cognatepriming69","56352",2021-05-08,"Monolingual",0.06,0.91,0,"30 months","Spanish",2,"euro","CognatePriming_069_2021-05-08.csv"
"cognatepriming84","57177",2021-05-12,"Monolingual",1,0,0,"25 months","Catalan",1,"ll","CognatePriming_084_2021-05-12.csv"
"cognatepriming86","57159",2021-05-14,"Bilingual",0.4,0.6,0,"25 months","Spanish",3,"euro","CognatePriming_086_2021-05-14.csv"
"cognatepriming112","57537",2021-05-14,"Monolingual",1,0,0,"21 months","Catalan",2,"ll","CognatePriming_112_2021-05-14.csv"
"cognatepriming113","57534",2021-05-15,"Monolingual",0.99,0.01,0,"21 months","Catalan",1,"ll","CognatePriming_113_2021-05-15.csv"
"cognatepriming79","57157",2021-05-17,"Monolingual",1,0,0,"25 months","Catalan",3,"ll","CognatePriming_079_2021-05-17_1.csv"
"cognatepriming114","57566",2021-05-19,"Monolingual",0.12,0.88,0,"21 months","Spanish",2,"euro","CognatePriming_114_2021-05-19.csv"
"cognatepriming115","57559",2021-05-22,"Monolingual",0.15,0.85,0,"21 months","Spanish",2,"euro","CognatePriming_115_2021-05-22.csv"
"cognatepriming75","56528",2021-05-26,"Monolingual",0.8,0.2,0,"30 months","Catalan",2,"ll","CognatePriming_075_2021-05-26.csv"
"cognatepriming116","57575",2021-05-27,"Monolingual",1,0,0,"21 months","Catalan",1,"ll","CognatePriming_116_2021-05-27.csv"
"cognatepriming117","57642",2021-05-27,"Bilingual",0.42,0.58,0,"21 months","Spanish",1,"euro","CognatePriming_117_2021-05-27.csv"
"cognatepriming118","57552",2021-05-29,"Monolingual",1,0,0,"21 months","Spanish",3,"euro","CognatePriming_118_2021-05-29.csv"
"cognatepriming119","57613",2021-06-01,"Monolingual",1,0,0,"21 months","Catalan",3,"ll","CognatePriming_119_2021-06-01.csv"
"cognatepriming120","57569",2021-06-08,"Bilingual",0.75,0.25,0,"21 months","Catalan",2,"ll","CognatePriming_120_2021-06-08_1.csv"
"cognatepriming92","57250",2021-06-08,"Monolingual",0.9,0.1,0,"25 months","Catalan",1,"ll","CognatePriming_092_2021-06-08.csv"
"cognatepriming121","57666",2021-06-08,"Monolingual",1,0,0,"21 months","Catalan",3,"ll","CognatePriming_121_2021-06-08.csv"
"cognatepriming100","57274",2021-06-14,"Bilingual",0.64,0.36,0,"25 months","Catalan",3,"ll","CognatePriming_100_2021-06-14.csv"
"cognatepriming91","57165",2021-06-18,"Monolingual",0.05,0.95,0,"25 months","Spanish",1,"euro","CognatePriming_091_2021-06-18.csv"
"cognatepriming122","58233",2021-06-19,"Bilingual",0.72,0.28,0,"21 months","Catalan",1,"i","CognatePriming_122_2021-06-19_1.csv"
"cognatepriming90","57427",2021-06-19,"Bilingual",0.62,0.38,0,"25 months","Catalan",1,"ll","CognatePriming_090_2021-06-19.csv"
"cognatepriming123","57597",2021-06-19,"Bilingual",0.43,0.57,0,"21 months","Spanish",3,"euro","CognatePriming_123_2021-06-19.csv"
"cognatepriming124","57707",2021-06-25,"Bilingual",0.21,0.79,0,"21 months","Spanish",2,"latin","CognatePriming_124_2021-06-25.csv"
"cognatepriming88","57222",2021-06-26,"Bilingual",0.42,0.58,0,"25 months","Spanish",3,"euro","CognatePriming_088_2021-06-26.csv"
"cognatepriming125","57660",2021-06-26,"Monolingual",1,0,0,"21 months","Catalan",2,"ll","CognatePriming_125_2021-06-26.csv"
"cognatepriming126","57595",2021-06-26,"Bilingual",0.33,0.67,0,"21 months","Spanish",1,"euro","CognatePriming_126_2021-06-26.csv"
"cognatepriming127","57670",2021-06-28,"Monolingual",0.14,0.86,0,"21 months","Spanish",2,"euro","CognatePriming_127_2021-06-28.csv"
"cognatepriming128","57742",2021-06-29,"Bilingual",0.74,0.24,0.02,"21 months","Spanish",3,"euro","CognatePriming_128_2021-06-29.csv"
"cognatepriming129","58049",2021-07-03,"Monolingual",1,0,0,"21 months","Catalan",3,"ll","CognatePriming_129_2021-07-03.csv"
"cognatepriming130","57658",2021-07-03,"Monolingual",0.11,0.89,0,"21 months","Spanish",1,"euro","CognatePriming_130_2021-07-03.csv"
"cognatepriming131","57709",2021-07-05,"Monolingual",0.13,0.87,0,"21 months","Spanish",2,"euro","CognatePriming_131_2021-07-05.csv"
"cognatepriming102","57839",2021-07-05,"Monolingual",1,0,0,"25 months","Catalan",1,"ll","CognatePriming_102_2021-07-05.csv"
"cognatepriming132","57710",2021-07-06,"Monolingual",0,1,0,"21 months","Spanish",3,"euro","CognatePriming_132_2021-07-06_1.csv"
"cognatepriming133","57684",2021-07-06,"Monolingual",0.98,0.02,0,"21 months","Catalan",2,"ll","CognatePriming_133_2021-07-06.csv"
"cognatepriming89","57241",2021-07-06,"Monolingual",0.97,0.03,0,"25 months","Catalan",3,"ll","CognatePriming_089_2021-07-06.csv"
"cognatepriming134","57592",2021-07-06,"Bilingual",0.5,0.5,0,"21 months","Spanish",1,"euro","CognatePriming_134_2021-07-06.csv"
"cognatepriming105","57293",2021-07-24,"Bilingual",0.57,0.43,0,"25 months","Catalan",2,"ll","CognatePriming_105_2021-07-24_1.csv"
"cognatepriming106","58347",2021-07-26,"Bilingual",0.27,0.73,0,"25 months","Spanish",1,"euro","CognatePriming_106_2021-07-26.csv"
"cognatepriming112","57537",2021-09-21,"Monolingual",1,0,0,"25 months","Catalan",2,"ll","CognatePriming_112_2021-09-21.csv"
"cognatepriming113","57534",2021-09-21,"Monolingual",0.99,0.01,0,"25 months","Catalan",1,"ll","CognatePriming_113_2021-09-21.csv"
"cognatepriming70","57059",2021-09-30,"Monolingual",0.04,0.96,0,"30 months","Spanish",3,"euro","CognatePriming_070_2021-09-30_1.csv"
"cognatepriming51","56911",2021-10-01,"Monolingual",0.93,0.07,0,"30 months","Catalan",1,"ll","CognatePriming_051_2021-10-01.csv"
"cognatepriming118","57552",2021-10-02,"Monolingual",1,0,0,"25 months","Catalan",3,"ll","CognatePriming_118_2021-10-02_6.csv"
"cognatepriming50","56937",2021-10-02,"Monolingual",0.99,0.01,0,"30 months","Catalan",2,"ll","CognatePriming_050_2021-10-02.csv"
"cognatepriming62","56995",2021-10-02,"Monolingual",0.98,0,0,"30 months","Catalan",1,"ll","CognatePriming_062_2021-10-02.csv"
"cognatepriming73","57062",2021-10-02,"Monolingual",0.01,0.95,0,"30 months","Spanish",2,"euro","CognatePriming_073_2021-10-02.csv"
"cognatepriming71","56984",2021-10-04,"Bilingual",0.74,0.26,0,"25 months","Catalan",1,"ll","CognatePriming_071_2021-10-04_1.csv"
"cognatepriming52","56876",2021-10-05,"Monolingual",0.93,0.07,0,"30 months","Catalan",2,"ll","CognatePriming_052_2021-10-05.csv"
"cognatepriming79","57157",2021-10-07,"Monolingual",1,0,0,"30 months","Catalan",3,"ll","CognatePriming_079_2021-10-07_1.csv"
"cognatepriming54","56985",2021-10-09,"Monolingual",0.11,0.89,0,"30 months","Spanish",1,"euro","CognatePriming_054_2021-10-09.csv"
"cognatepriming77","57139",2021-10-09,"Monolingual",1,0,0,"30 months","Catalan",2,"ll","CognatePriming_077_2021-10-09.csv"
"cognatepriming119","57613",2021-10-11,"Monolingual",1,0,0,"25 months","Catalan",3,"ll","CognatePriming_119_2021-10-11.csv"
"cognatepriming84","57177",2021-10-15,"Monolingual",1,0,0,"30 months","Catalan",1,"ll","CognatePriming_084_2021-10-15.csv"
"cognatepriming76","57436",2021-10-16,"Bilingual",0.53,0.47,0,"30 months","Spanish",1,"euro","CognatePriming_076_2021-10-16.csv"
"cognatepriming88","57222",2021-10-16,"Bilingual",0.42,0.58,0,"30 months","Spanish",3,"euro","CognatePriming_088_2021-10-16.csv"
"cognatepriming121","57666",2021-10-18,"Monolingual",1,0,0,"25 months","Catalan",3,"ll","CognatePriming_121_2021-10-18.csv"
"cognatepriming81","57092",2021-10-19,"Monolingual",0.95,0.05,0,"30 months","Catalan",3,"ll","CognatePriming_081_2021-10-19.csv"
"cognatepriming78","57050",2021-10-20,"Monolingual",1,0,0,"30 months","Catalan",3,"ll","CognatePriming_078_2021-10-20_3.csv"
"cognatepriming124","57707",2021-10-22,"Bilingual",0.23,0.77,0,"25 months","Spanish",2,"latin","CognatePriming_124_2021-10-22.csv"
"cognatepriming115","57559",2021-10-23,"Monolingual",0.17,0.83,0,"25 months","Spanish",2,"euro","CognatePriming_115_2021-10-23.csv"
"cognatepriming83","57111",2021-10-23,"Monolingual",0.1,0.9,0,"30 months","Spanish",2,"euro","CognatePriming_083_2021-10-23.csv"
"cognatepriming126","57595",2021-10-23,"Bilingual",0.34,0.66,0,"25 months","Spanish",1,"euro","CognatePriming_126_2021-10-23_3.csv"
"cognatepriming123","57597",2021-10-23,"Bilingual",0.44,0.56,0,"25 months","Spanish",3,"euro","CognatePriming_123_2021-10-23.csv"
"cognatepriming127","57670",2021-10-25,"Monolingual",0.16,0.84,0,"25 months","Spanish",2,"euro","CognatePriming_127_2021-10-25.csv"
"cognatepriming120","57569",2021-10-28,"Bilingual",0.75,0.25,0,"25 months","Catalan",2,"ll","CognatePriming_120_2021-10-28.csv"
"cognatepriming128","57742",2021-11-02,"Bilingual",0.76,0.22,0.02,"25 months","Catalan",3,"ll","CognatePriming_128_2021-11-02.csv"
"cognatepriming97","57374",2021-11-03,"Monolingual",0.01,0.98,0,"30 months","Spanish",3,"euro","CognatePriming_097_2021-11-03_2.csv"
"cognatepriming86","57159",2021-11-05,"Bilingual",0.43,0.57,0,"30 months","Spanish",3,"euro","CognatePriming_086_2021-11-05.csv"
"cognatepriming129","58049",2021-11-06,"Monolingual",1,0,0,"25 months","Catalan",3,"ll","CognatePriming_129_2021-11-06_2.csv"
"cognatepriming130","57658",2021-11-06,"Monolingual",0.11,0.89,0,"25 months","Spanish",1,"euro","CognatePriming_130_2021-11-06.csv"
"cognatepriming100","57274",2021-11-09,"Bilingual",0.68,0.32,0,"30 months","Catalan",3,"ll","CognatePriming_100_2021-11-09.csv"
"cognatepriming102","57839",2021-11-12,"Monolingual",1,0,0,"30 months","Catalan",1,"ll","CognatePriming_102_2021-11-12.csv"
"cognatepriming131","57709",2021-11-12,"Monolingual",0.16,0.84,0,"25 months","Spanish",2,"euro","CognatePriming_131_2021-11-12.csv"
"cognatepriming103","57336",2021-11-13,"Bilingual",0.68,0.32,0,"30 months","Catalan",2,"i","CognatePriming_103_2021-11-13.csv"
"cognatepriming132","57710",2021-11-13,"Monolingual",0.02,0.98,0,"25 months","Spanish",3,"euro","CognatePriming_132_2021-11-13.csv"
"cognatepriming104","57340",2021-11-13,"Monolingual",0.01,0.99,0,"30 months","Spanish",3,"euro","CognatePriming_104_2021-11-13_1.csv"
"cognatepriming95","57227",2021-11-13,"Monolingual",0.95,0.04,0,"30 months","Catalan",1,"ll","CognatePriming_095_2021-11-13_1.csv"
"cognatepriming98","57337",2021-11-13,"Bilingual",0.77,0.23,0,"30 months","Catalan",2,"ll","CognatePriming_098_2021-11-13.csv"
"cognatepriming117","57642",2021-11-16,"Bilingual",0.42,0.54,0,"25 months","Spanish",1,"euro","CognatePriming_117_2021-11-16.csv"
"cognatepriming101","57240",2021-11-20,"Monolingual",0.99,0.01,0,"30 months","Catalan",2,"ll","CognatePriming_101_2021-11-20.csv"
"cognatepriming105","57293",2021-11-27,"Bilingual",0.57,0.43,0,"30 months","Catalan",2,"ll","CognatePriming_105_2021-11-27.csv"
"cognatepriming135","57735",2021-12-01,"Monolingual",0.84,0.16,0,"25 months","Catalan",3,"ll","CognatePriming_135_2021-12-01.csv"
"cognatepriming136","57885",2021-12-03,"Bilingual",0.45,0.55,0,"25 months","Catalan",2,"ll","CognatePriming_136_2021-12-03.csv"
"cognatepriming82","57097",2021-12-03,"Monolingual",0,0.99,0,"30 months","Spanish",3,"euro","CognatePriming_082_2021-12-03_1.csv"
"cognatepriming137","57725",2021-12-04,"Bilingual",0.74,0.26,0,"25 months","Catalan",2,"ll","CognatePriming_137_2021-12-04_1.csv"
"cognatepriming138","57369",2021-12-11,"Bilingual",0.61,0.39,0,"30 months","Catalan",1,"ll","CognatePriming_138_2021-12-11.csv"
"cognatepriming140","57741",2021-12-11,"Monolingual",1,0,0,"25 months","Catalan",3,"ll","CognatePriming_140_2021-12-11_2.csv"
"cognatepriming141","57823",2021-12-18,"Bilingual",0.21,0.79,0,"25 months","Catalan",2,"ll","CognatePriming_141_2021-12-18.csv"
"cognatepriming142","58190",2021-12-21,"Bilingual",0.54,0.43,0,"21 months","Spanish",1,"euro","CognatePriming_142_2021-12-21.csv"
"cognatepriming143","57902",2022-01-04,"Bilingual",0.54,0.46,0,"25 months","Spanish",2,"euro","CognatePriming_143_2022-01-04.csv"
"cognatepriming144","58372",2022-01-07,"Bilingual",0.64,0.34,0,"25 months","Catalan",3,"ll","CognatePriming_144_2022-01-07.csv"
"cognatepriming145","58310",2022-01-12,"Bilingual",0.74,0.26,0,"21 months","Catalan",2,"ll","CognatePriming_145_2022-01-12_2.csv"
"cognatepriming110","57480",2022-01-22,"Bilingual",0.57,0.43,0,"30 months","Catalan",2,"ll","CognatePriming_110_2022-01-22_1.csv"
"cognatepriming119","57613",2022-01-26,"Monolingual",1,0,0,"30 months","Catalan",3,"ll","CognatePriming_119_2022-01-26.csv"
"cognatepriming108","57464",2022-01-26,"Bilingual",0.45,0.55,0,"30 months","Spanish",2,"euro","CognatePriming_108_2022-01-26_1.csv"
"cognatepriming113","57534",2022-01-26,"Monolingual",0.99,0.01,0,"30 months","Catalan",1,"ll","CognatePriming_113_2022-01-26.csv"
"cognatepriming146","57919",2022-01-27,"Monolingual",0.9,0.1,0,"25 months","Catalan",3,"ll","CognatePriming_146_2022-01-27.csv"
"cognatepriming147","57908",2022-01-28,"Monolingual",0.86,0.14,0,"25 months","Catalan",2,"ll","CognatePriming_147_2022-01-28.csv"
"cognatepriming115","57559",2022-01-29,"Monolingual",0.18,0.82,0,"30 months","Spanish",2,"euro","CognatePriming_115_2022-01-29.csv"
"cognatepriming148","58406",2022-01-31,"Monolingual",0.16,0.84,0,"21 months","Spanish",3,"euro","CognatePriming_148_2022-01-31.csv"
"cognatepriming109","57462",2022-01-31,"Bilingual",0.7,0.3,0,"25 months","Catalan",3,"ll","CognatePriming_109_2022-01-31.csv"
"cognatepriming149","58860",2022-02-03,"Bilingual",0.45,0.4,0.15,"21 months","Catalan",2,"ll","CognatePriming_149_2022-02-03.csv"
"cognatepriming150","58286",2022-02-04,"Bilingual",0.34,0.66,0,"21 months","Spanish",1,"euro","CognatePriming_150_2022-02-04.csv"
"cognatepriming151","58012",2022-02-04,"Monolingual",0.92,0.08,0,"25 months","Catalan",2,"ll","CognatePriming_151_2022-02-04.csv"
"cognatepriming152","58551",2022-02-05,"Bilingual",0.68,0.32,0,"21 months","Spanish",3,"euro","CognatePriming_152_2022-02-05.csv"
"cognatepriming153","57943",2022-02-05,"Monolingual",0.08,0.92,0,"25 months","Spanish",1,"euro","CognatePriming_153_2022-02-05.csv"
"cognatepriming154","57914",2022-02-08,"Monolingual",0.87,0.13,0,"25 months","Catalan",2,"ll","CognatePriming_154_2022-02-08_1.csv"
"cognatepriming155","58000",2022-02-08,"Bilingual",0.59,0.41,0,"25 months","Spanish",2,"euro","CognatePriming_155_2022-02-08.csv"
"cognatepriming156","58046",2022-02-09,"Bilingual",0.74,0.26,0,"25 months","Catalan",3,"ll","CognatePriming_156_2022-02-09_2.csv"
"cognatepriming157","58088",2022-02-10,"Monolingual",0.86,0.14,0,"25 months","Catalan",1,"ll","CognatePriming_157_2022-02-10.csv"
"cognatepriming158","58530",2022-02-12,"Bilingual",0.59,0.41,,"21 months","Catalan",2,"ll","CognatePriming_158_2022-02-12_1.csv"
"cognatepriming131","57709",2022-02-18,"Monolingual",0.17,0.83,0,"30 months","Spanish",2,"euro","CognatePriming_131_2022-02-18.csv"
"cognatepriming124","57707",2022-02-18,"Bilingual",0.23,0.77,0,"30 months","Spanish",2,"latin","CognatePriming_124_2022-02-18.csv"
"cognatepriming112","57537",2022-02-18,"Monolingual",1,0,0,"30 months","Catalan",2,"ll","CognatePriming_112_2022-02-18.csv"
"cognatepriming134","57592",2022-02-18,"Bilingual",0.52,0.48,0,"30 months","Spanish",1,"euro","CognatePriming_134_2022-02-18.csv"
"cognatepriming118","57552",2022-02-19,"Monolingual",1,0,0,"30 months","Catalan",3,"ll","CognatePriming_118_2022-02-19_2.csv"
"cognatepriming129","58049",2022-02-19,"Monolingual",1,0,0,"30 months","Catalan",3,"ll","CognatePriming_129_2022-02-19.csv"
"cognatepriming121","57666",2022-02-21,"Monolingual",1,0,0,"30 months","Catalan",3,"ll","CognatePriming_121_2022-02-21.csv"
"cognatepriming107","58328",2022-02-21,"Monolingual",1,0,0,"30 months","Catalan",1,"ll","CognatePriming_107_2022-02-21.csv"
"cognatepriming159","58262",2022-02-23,"Bilingual",0.65,0.35,0,"21 months","Catalan",2,"ll","CognatePriming_159_2022-02-23.csv"
"cognatepriming160","58681",2022-02-28,"Bilingual",0.63,0.37,0,"21 months","Catalan",1,"ll","CognatePriming_160_2022-02-28.csv"
"cognatepriming161","58304",2022-03-01,"Bilingual",0.41,0.59,0,"21 months","Spanish",3,"euro","CognatePriming_161_2022-03-01_2.csv"
"cognatepriming162","58550",2022-03-03,"Bilingual",0.42,0.45,0.13,"25 months","Catalan",3,"ll","CognatePriming_162_2022-03-03.csv"
"cognatepriming163","58096",2022-03-03,"Bilingual",0.4,0.6,0,"25 months","Spanish",1,"euro","CognatePriming_163_2022-03-03.csv"
"cognatepriming164","58435",2022-03-07,"Monolingual",0.8,0.2,0,"21 months","Catalan",2,"ll","CognatePriming_164_2022-03-07_1.csv"
"cognatepriming165","58173",2022-03-08,"Bilingual",0.33,0.63,0,"21 months","Spanish",3,"euro","CognatePriming_165_2022-03-08.csv"
"cognatepriming166","58394",2022-03-08,"Bilingual",0.6,0.4,0,"21 months","Catalan",1,"ll","CognatePriming_166_2022-03-08.csv"
"cognatepriming167","58335",2022-03-09,"Bilingual",0.7,0.24,0,"21 months","Catalan",1,"ll","CognatePriming_167_2022-03-09.csv"
"cognatepriming168","57983",2022-03-09,"Bilingual",0.27,0.73,0,"25 months","Spanish",2,"euro","CognatePriming_168_2022-03-09_1.csv"
"cognatepriming169","58172",2022-03-10,"Bilingual",0.3,0.7,0,"25 months","Catalan",3,"ll","CognatePriming_169_2022-03-10.csv"
"cognatepriming170","58079",2022-03-11,"Bilingual",0.3,0.53,0,"25 months","Spanish",2,"euro","CognatePriming_170_2022-03-11_1.csv"
"cognatepriming117","57642",2022-03-11,"Bilingual",0.48,0.52,0,"30 months","Spanish",1,"euro","CognatePriming_117_2022-03-11_1.csv"
"cognatepriming171","58132",2022-03-14,"Monolingual",0.19,0.81,0,"25 months","Catalan",2,"ll","CognatePriming_171_2022-03-14.csv"
"cognatepriming145","58310",2022-03-14,"Bilingual",0.26,0.74,0,"25 months","Catalan",2,"ll","CognatePriming_145_2022-03-14.csv"
"cognatepriming172","58128",2022-03-15,"Monolingual",0.83,0.17,0,"25 months","Spanish",3,"euro","CognatePriming_172_2022-03-15.csv"
"cognatepriming173","58093",2022-03-18,"Monolingual",1,0,0,"25 months","Catalan",2,"ll","CognatePriming_173_2022-03-18_1.csv"
"cognatepriming174","58176",2022-03-19,"Bilingual",0.57,0.43,0,"25 months","Catalan",1,"ll","CognatePriming_174_2022-03-19.csv"
"cognatepriming175","58165",2022-03-22,"Bilingual",0.7,0.3,0,"25 months","Catalan",3,"ll","CognatePriming_175_2022-03-22.csv"
"cognatepriming176","58068",2022-03-22,"Monolingual",0.96,0.04,0,"25 months","Spanish",2,"euro","CognatePriming_176_2022-03-22.csv"
"cognatepriming177","58137",2022-03-23,"Bilingual",0.48,0.52,0,"25 months","Catalan",2,"ll","CognatePriming_177_2022-03-23.csv"
"cognatepriming178","58720",2022-03-23,"Bilingual",0.73,0.27,0,"25 months","Catalan",1,"ll","CognatePriming_178_2022-03-23_1.csv"
"cognatepriming179","58523",2022-03-28,"Bilingual",0.38,0.62,0,"21 months","Spanish",3,"euro","CognatePriming_179_2022-03-28.csv"
"cognatepriming142","58190",2022-03-31,"Bilingual",0.54,0.43,0,"25 months","Catalan",2,"ll","CognatePriming_142_2022-03-31.csv"
"cognatepriming180","58109",2022-04-02,"Monolingual",0.19,0.81,0,"25 months","Spanish",2,"euro","CognatePriming_180_2022-04-02.csv"
"cognatepriming114","57566",2022-04-04,"Monolingual",0.17,0.83,0,"30 months","Spanish",2,"euro","CognatePriming_114_2022-04-04.csv"
"cognatepriming182","58299",2022-05-17,"Monolingual",0.97,0.03,0,"21 months","Catalan",2,"ll","CognatePriming_182_2022-05-17.csv"
"cognatepriming128","57742",2022-05-18,"Bilingual",0.76,0.22,0.02,"30 months","Catalan",3,"ll","CognatePriming_128_2022-05-18.csv"
"cognatepriming183","58298",2022-05-20,"Monolingual",0.99,0.01,0,"25 months","Catalan",1,"ll","CognatePriming_183_2022-05-20.csv"
"cognatepriming184","58256",2022-05-20,"Bilingual",0.68,0.32,0,"25 months","Catalan",2,"ll","CognatePriming_184_2022-05-20.csv"
"cognatepriming127","57670",2022-05-23,"Monolingual",0.18,0.82,0,"30 months","Spanish",2,"euro","CognatePriming_127_2022-05-23.csv"
"cognatepriming154","57914",2022-05-24,"Monolingual",0.87,0.13,0,"30 months","Catalan",2,"ll","CognatePriming_154_2022-05-24_1.csv"
"cognatepriming143","57902",2022-05-24,"Bilingual",0.54,0.46,0,"30 months","Catalan",2,"ll","CognatePriming_143_2022-05-24.csv"
"cognatepriming185","58724",2022-05-25,"Bilingual",0.72,0.28,0,"21 months","Spanish",3,"euro","CognatePriming_185_2022-05-25_1.csv"
"cognatepriming159","58262",2022-05-26,"Bilingual",0.64,0.36,0,"25 months","Catalan",2,"ll","CognatePriming_159_2022-05-26.csv"
"cognatepriming155","58000",2022-05-30,"Bilingual",0.71,0.29,0,"30 months","Spanish",2,"euro","CognatePriming_155_2022-05-30_3.csv"
"cognatepriming137","57725",2022-06-04,"Bilingual",0.72,0.28,0,"30 months","Catalan",2,"ll","CognatePriming_137_2022-06-04.csv"
"cognatepriming136","57885",2022-06-04,"Bilingual",0.46,0.54,0,"30 months","Catalan",2,"ll","CognatePriming_136_2022-06-04_2.csv"
"cognatepriming146","57919",2022-06-14,"Monolingual",0.88,0.12,0,"30 months","Catalan",3,"ll","CognatePriming_146_2022-06-14.csv"
"cognatepriming187","58547",2022-06-16,"Monolingual",0.92,0.08,0,"30 months","Catalan",2,"ll","CognatePriming_187_2022-06-16.csv"
"cognatepriming188","58308",2022-06-17,"Monolingual",0,1,0,"21 months","Spanish",3,"euro","CognatePriming_188_2022-06-17.csv"
"cognatepriming147","57908",2022-06-17,"Monolingual",0.86,0.14,0,"30 months","Catalan",2,"ll","CognatePriming_147_2022-06-17.csv"
"cognatepriming153","57943",2022-06-18,"Monolingual",0.08,0.92,0,"30 months","Spanish",1,"euro","CognatePriming_153_2022-06-18_1.csv"
"cognatepriming190","58361",2022-06-20,"Bilingual",0.29,0.71,0,"25 months","Catalan",1,"ll","CognatePriming_190_2022-06-20.csv"
"cognatepriming191","57805",2022-06-21,"Monolingual",0.13,0.87,0,"30 months","Spanish",2,"euro","CognatePriming_191_2022-06-21.csv"
"cognatepriming192","57788",2022-06-21,"Bilingual",0.52,0.48,0,"30 months","Catalan",3,"ll","CognatePriming_192_2022-06-21.csv"
