"trial","test_language","version","list","trial_type","prime","target","distractor","audio","duration","target_location","prime_cdi","target_cdi","distractor_cdi","valid_trial","familiarity_prime","familiarity_target","familiarity_se_prime","familiarity_se_target","freq_prime","freq_target","semantic_category_prime","semantic_category_target","is_animate_prime","is_animate_target"
1,"Catalan","i",1,"Cognate","arbre","aigua","bolet","aigua.wav",1.16,"l","cat_arbre","cat_aigua1","cat_bolet",true,0.4411764705882353,0.8529411764705882,0.06021283237126247,0.04294875981766924,4.360153645111468,5.050771575082721,"Food and drink","Outside",false,false
2,"Catalan","i",1,"Non-cognate","ànec","amanida","berenar","amanida.wav",1.12,"r","cat_anec","cat_amanida","cat_berenar",true,0.36764705882352944,0.08823529411764706,0.05847104599738657,0.034396012719846096,,3.8830323903918056,"Food and drink","Animals",true,false
3,"Catalan","i",1,"Unrelated","camió","aixeta","ungla","aixeta.wav",1.14,"l","cat_camio","cat_aixeta","cat_ungla",true,0.36764705882352944,0.25,0.05847104599738657,0.05251050315105037,,3.0379343503775487,"Household items","Vehicles",false,false
4,"Catalan","i",1,"Unrelated","finestra","abella","papallona","abella-i.wav",1.13,"r","cat_finestra","cat_abella","cat_papallona",true,0.2647058823529412,0.29411764705882354,0.05350050552272051,0.05525508450751319,3.639994341705511,,"Animals","Outside",false,true
5,"Catalan","i",1,"Cognate","vaca","berenar","amanida","berenar.wav",1.15,"r","cat_vaca","cat_berenar","cat_amanida",true,0.5,0.4852941176470588,0.06063390625908324,0.0606076748469713,4.399662186395142,,"Games and rutines","Animals",true,false
6,"Catalan","i",1,"Non-cognate","barret","bici","porta","bici.wav",1.48,"l","cat_barret","cat_bici","cat_porta",true,0.3382352941176471,0.47058823529411764,0.05737290043970798,0.06052891240323841,4.184062386055787,4.242054333033474,"Vehicles","Clothes",false,false
7,"Catalan","i",1,"Unrelated","osset","boca","orella","boca.wav",1.23,"r","cat_osset","cat_boca","cat_orella",true,0.38235294117647056,0.5147058823529411,0.05893156169637058,0.060607674846971306,4.184062386055787,4.639994341705512,"Body parts","Toys",true,false
8,"Catalan","i",1,"Unrelated","claus","bolet","aigua","bolet.wav",1.45,"l","cat_clau","cat_bolet","cat_aigua1",true,0.39705882352941174,0.1323529411764706,0.05933493096110905,0.041094518050466565,3.639994341705511,3.5150556050972113,"Outside","Household items",false,false
9,"Catalan","i",1,"Cognate","cotxe","casa","moneda","casa.wav",1.14,"l","cat_cotxe","cat_casa","cat_moneda",true,0.5294117647058824,0.4852941176470588,0.06052891240323841,0.0606076748469713,5.011062203977247,4.883032390391806,"Outside","Vehicles",false,false
10,"Catalan","i",1,"Non-cognate","cadira","colom","mussol","colom.wav",1.48,"r","cat_cadira","cat_colom","cat_mussol",true,0.47058823529411764,0.36764705882352944,0.06052891240323841,0.05847104599738657,4.316687951330378,,"Animals","Household items",false,true
11,"Catalan","i",1,"Unrelated","vaixell","cuc","formiga","cuc.wav",1.31,"l","cat_vaixell","cat_cuc","cat_formiga",true,,0.2647058823529412,,0.05350050552272051,3.0379343503775487,4.268383271755823,"Animals","Vehicles",false,true
12,"Catalan","i",1,"Unrelated","ampolla","caixa","porc","caixa.wav",1.2,"r","cat_ampolla","cat_caixa","cat_porc",true,0.36764705882352944,0.39705882352941174,0.05847104599738657,0.05933493096110905,3.5150556050972113,3.639994341705511,"Toys","Household items",false,false
13,"Catalan","i",1,"Cognate","flor","pernil","galeta","pernil.wav",1.38,"l","cat_flor","cat_pernil","cat_galeta",true,0.4264705882352941,0.3382352941176471,0.059974679167611115,0.05737290043970798,3.639994341705511,3.7369043547135674,"Food and drink","Outside",false,false
14,"Catalan","i",1,"Non-cognate","formatge","formiga","cuc","formiga.wav",1.22,"l","cat_formatge","cat_formiga","cat_cuc",true,0.3382352941176471,0.36764705882352944,0.05737290043970798,0.05847104599738657,3.639994341705511,3.0379343503775487,"Animals","Food and drink",false,true
15,"Catalan","i",1,"Unrelated","botó","fulla","galleda","fulla-i.wav",1.33,"r","cat_boto","cat_fulla","cat_galleda",true,0.25,0.3088235294117647,0.05251050315105037,0.056026721184342244,,3.639994341705511,"Outside","Clothes",false,false
16,"Catalan","i",1,"Unrelated","ulleres","forquilla","got","forquilla-i.wav",1.31,"l","cat_ulleres","cat_forquilla","cat_got",true,0.3382352941176471,0.3088235294117647,0.05737290043970798,0.056026721184342244,3.33896434604153,3.639994341705511,"Household items","Clothes",false,false
17,"Catalan","i",1,"Cognate","gat","galeta","pernil","galeta.wav",1.07,"l","cat_gat","cat_galeta","cat_pernil",true,0.5,0.6029411764705882,0.06063390625908324,0.05933493096110905,4.242054333033474,3.33896434604153,"Food and drink","Animals",true,false
18,"Catalan","i",1,"Non-cognate","gos","got","forquilla","got.wav",1.25,"l","cat_gos","cat_got","cat_forquilla",true,0.5882352941176471,0.4117647058823529,0.05968231249363439,0.05968231249363439,4.786122377383749,4.184062386055787,"Household items","Animals",true,false
19,"Catalan","i",1,"Unrelated","mico","galleda","fulla","galleda-i.wav",1.1,"r","cat_mono","cat_galleda","cat_fulla",true,0.4852941176470588,0.20588235294117646,0.0606076748469713,0.04903402325525394,3.33896434604153,3.0379343503775487,"Household items","Animals",true,false
20,"Catalan","i",1,"Unrelated","pa","globus","onada","globus.wav",1.55,"r","cat_pa","cat_globus","cat_onada",true,0.7058823529411765,0.47058823529411764,0.05525508450751319,0.06052891240323841,4.691146864152892,3.9410243373694924,"Toys","Food and drink",false,false
21,"Catalan","i",1,"Cognate","moto","mussol","colom","mussol.wav",1.54,"r","cat_moto","cat_mussol","cat_colom",true,0.4264705882352941,0.25,0.059974679167611115,0.05251050315105037,3.8160856007611925,3.5150556050972113,"Animals","Vehicles",false,true
22,"Catalan","i",1,"Non-cognate","mitjó","moneda","casa","moneda.wav",0.88,"l","cat_mitjo","cat_moneda","cat_casa",true,0.47058823529411764,0.19117647058823528,0.06052891240323841,0.04768586356095312,,,"Household items","Clothes",false,false
23,"Catalan","i",1,"Unrelated","avió","mà","ull","ma.wav",1.18,"l","cat_avio","cat_ma","cat_ull",true,0.39705882352941174,0.5735294117647058,0.05933493096110905,0.05997467916761112,,,"Body parts","Vehicles",false,false
24,"Catalan","i",1,"Unrelated","granota","mirall","planta","mirall-i.wav",1.3,"r","cat_granota","cat_mirall","cat_planta",true,0.3235294117647059,0.29411764705882354,0.05673184232550033,0.05525508450751319,3.33896434604153,3.5150556050972113,"Household items","Animals",true,false
25,"Catalan","i",1,"Cognate","ovella","onada","globus","onada.wav",0.86,"r","cat_ovella","cat_onada","cat_globus",true,0.38235294117647056,0.07352941176470588,0.05893156169637058,0.03165132591085761,3.0379343503775487,,"Outside","Animals",true,false
26,"Catalan","i",1,"Non-cognate","ocell","ull","mà","ull-i.wav",1.07,"l","cat_ocell","cat_ull","cat_ma",true,0.45588235294117646,0.5147058823529411,0.060397413415836175,0.060607674846971306,3.9410243373694924,3.5150556050972113,"Body parts","Animals",true,false
27,"Catalan","i",1,"Unrelated","peix","ungla","aixeta","ungla.wav",1.44,"l","cat_peix1","cat_ungla","cat_aixeta",true,0.5147058823529411,0.23529411764705882,0.060607674846971306,0.051439684246776834,4.594236851144836,,"Body parts","Animals",true,false
28,"Catalan","i",1,"Unrelated","plàtan","orella","boca","orella-i.wav",1.35,"r","cat_platan","cat_orella","cat_boca",true,0.5,0.4411764705882353,0.06063390625908324,0.06021283237126247,,3.7369043547135674,"Body parts","Food and drink",false,false
29,"Catalan","i",1,"Cognate","pilota","papallona","abella","papallona-i.wav",1.05,"r","cat_pilota","cat_papallona","cat_abella",true,0.6029411764705882,0.35294117647058826,0.05933493096110905,0.05795202153786929,4.830326039875803,3.639994341705511,"Animals","Toys",false,true
30,"Catalan","i",1,"Non-cognate","poma","planta","mirall","planta.wav",1.3,"r","cat_poma","cat_planta","cat_mirall",true,0.36764705882352944,0.3088235294117647,0.05847104599738657,0.056026721184342244,4.469298114536536,,"Outside","Food and drink",false,false
31,"Catalan","i",1,"Unrelated","guitarra","porta","bici","porta.wav",1.25,"l","cat_guitarra","cat_porta","cat_bici",true,0.20588235294117646,0.4264705882352941,0.04903402325525394,0.059974679167611115,,4.786122377383749,"Household items","Toys",false,false
32,"Catalan","i",1,"Unrelated","maduixa","porc","caixa","porc.wav",1.17,"r","cat_maduixa","cat_porc","cat_caixa",true,0.3382352941176471,0.36764705882352944,0.05737290043970798,0.05847104599738657,,,"Animals","Food and drink",false,true
1,"Catalan","i",2,"Cognate","arbre","aixeta","ungla","aixeta.wav",1.14,"r","cat_arbre","cat_aixeta","cat_ungla",true,0.4411764705882353,0.25,0.06021283237126247,0.05251050315105037,4.360153645111468,3.0379343503775487,"Household items","Outside",false,false
2,"Catalan","i",2,"Non-cognate","ànec","abella","papallona","abella-i.wav",1.13,"l","cat_anec","cat_abella","cat_papallona",true,0.36764705882352944,0.29411764705882354,0.05847104599738657,0.05525508450751319,,,"Animals","Animals",true,true
3,"Catalan","i",2,"Unrelated","camió","aigua","bolet","aigua.wav",1.16,"r","cat_camio","cat_aigua1","cat_bolet",true,0.36764705882352944,0.8529411764705882,0.05847104599738657,0.04294875981766924,,5.050771575082721,"Food and drink","Vehicles",false,false
4,"Catalan","i",2,"Unrelated","finestra","amanida","berenar","amanida.wav",1.12,"l","cat_finestra","cat_amanida","cat_berenar",true,0.2647058823529412,0.08823529411764706,0.05350050552272051,0.034396012719846096,3.639994341705511,3.8830323903918056,"Food and drink","Outside",false,false
5,"Catalan","i",2,"Cognate","vaca","boca","orella","boca.wav",1.23,"l","cat_vaca","cat_boca","cat_orella",true,0.5,0.5147058823529411,0.06063390625908324,0.060607674846971306,4.399662186395142,4.639994341705512,"Body parts","Animals",true,false
6,"Catalan","i",2,"Non-cognate","barret","bolet","aigua","bolet.wav",1.45,"r","cat_barret","cat_bolet","cat_aigua1",true,0.3382352941176471,0.1323529411764706,0.05737290043970798,0.041094518050466565,4.184062386055787,3.5150556050972113,"Outside","Clothes",false,false
7,"Catalan","i",2,"Unrelated","osset","berenar","amanida","berenar.wav",1.15,"l","cat_osset","cat_berenar","cat_amanida",true,0.38235294117647056,0.4852941176470588,0.05893156169637058,0.0606076748469713,4.184062386055787,,"Games and rutines","Toys",true,false
8,"Catalan","i",2,"Unrelated","claus","bici","porta","bici.wav",1.48,"r","cat_clau","cat_bici","cat_porta",true,0.39705882352941174,0.47058823529411764,0.05933493096110905,0.06052891240323841,3.639994341705511,4.242054333033474,"Vehicles","Household items",false,false
9,"Catalan","i",2,"Cognate","cotxe","cuc","formiga","cuc.wav",1.31,"r","cat_cotxe","cat_cuc","cat_formiga",true,0.5294117647058824,0.2647058823529412,0.06052891240323841,0.05350050552272051,5.011062203977247,4.268383271755823,"Animals","Vehicles",false,true
10,"Catalan","i",2,"Non-cognate","cadira","caixa","porc","caixa.wav",1.2,"l","cat_cadira","cat_caixa","cat_porc",true,0.47058823529411764,0.39705882352941174,0.06052891240323841,0.05933493096110905,4.316687951330378,3.639994341705511,"Toys","Household items",false,false
11,"Catalan","i",2,"Unrelated","vaixell","casa","moneda","casa.wav",1.14,"r","cat_vaixell","cat_casa","cat_moneda",true,,0.4852941176470588,,0.0606076748469713,3.0379343503775487,4.883032390391806,"Outside","Vehicles",false,false
12,"Catalan","i",2,"Unrelated","ampolla","colom","mussol","colom.wav",1.48,"l","cat_ampolla","cat_colom","cat_mussol",true,0.36764705882352944,0.36764705882352944,0.05847104599738657,0.05847104599738657,3.5150556050972113,,"Animals","Household items",false,true
13,"Catalan","i",2,"Cognate","flor","fulla","galleda","fulla-i.wav",1.33,"l","cat_flor","cat_fulla","cat_galleda",true,0.4264705882352941,0.3088235294117647,0.059974679167611115,0.056026721184342244,3.639994341705511,3.639994341705511,"Outside","Outside",false,false
14,"Catalan","i",2,"Non-cognate","formatge","forquilla","got","forquilla-i.wav",1.31,"r","cat_formatge","cat_forquilla","cat_got",true,0.3382352941176471,0.3088235294117647,0.05737290043970798,0.056026721184342244,3.639994341705511,3.639994341705511,"Household items","Food and drink",false,false
15,"Catalan","i",2,"Unrelated","botó","pernil","galeta","pernil.wav",1.38,"r","cat_boto","cat_pernil","cat_galeta",true,0.25,0.3382352941176471,0.05251050315105037,0.05737290043970798,,3.7369043547135674,"Food and drink","Clothes",false,false
16,"Catalan","i",2,"Unrelated","ulleres","formiga","cuc","formiga.wav",1.22,"r","cat_ulleres","cat_formiga","cat_cuc",true,0.3382352941176471,0.36764705882352944,0.05737290043970798,0.05847104599738657,3.33896434604153,3.0379343503775487,"Animals","Clothes",false,true
17,"Catalan","i",2,"Cognate","gat","galleda","fulla","galleda-i.wav",1.1,"l","cat_gat","cat_galleda","cat_fulla",true,0.5,0.20588235294117646,0.06063390625908324,0.04903402325525394,4.242054333033474,3.0379343503775487,"Household items","Animals",true,false
18,"Catalan","i",2,"Non-cognate","gos","globus","onada","globus.wav",1.55,"l","cat_gos","cat_globus","cat_onada",true,0.5882352941176471,0.47058823529411764,0.05968231249363439,0.06052891240323841,4.786122377383749,3.9410243373694924,"Toys","Animals",true,false
19,"Catalan","i",2,"Unrelated","mico","galeta","pernil","galeta.wav",1.07,"r","cat_mono","cat_galeta","cat_pernil",true,0.4852941176470588,0.6029411764705882,0.0606076748469713,0.05933493096110905,3.33896434604153,3.33896434604153,"Food and drink","Animals",true,false
20,"Catalan","i",2,"Unrelated","pa","got","forquilla","got.wav",1.25,"r","cat_pa","cat_got","cat_forquilla",true,0.7058823529411765,0.4117647058823529,0.05525508450751319,0.05968231249363439,4.691146864152892,4.184062386055787,"Household items","Food and drink",false,false
21,"Catalan","i",2,"Cognate","moto","mà","ull","ma.wav",1.18,"r","cat_moto","cat_ma","cat_ull",true,0.4264705882352941,0.5735294117647058,0.059974679167611115,0.05997467916761112,3.8160856007611925,,"Body parts","Vehicles",false,false
22,"Catalan","i",2,"Non-cognate","mitjó","mirall","planta","mirall-i.wav",1.3,"l","cat_mitjo","cat_mirall","cat_planta",true,0.47058823529411764,0.29411764705882354,0.06052891240323841,0.05525508450751319,,3.5150556050972113,"Household items","Clothes",false,false
23,"Catalan","i",2,"Unrelated","avió","mussol","colom","mussol.wav",1.54,"l","cat_avio","cat_mussol","cat_colom",true,0.39705882352941174,0.25,0.05933493096110905,0.05251050315105037,,3.5150556050972113,"Animals","Vehicles",false,true
24,"Catalan","i",2,"Unrelated","granota","moneda","casa","moneda.wav",0.88,"r","cat_granota","cat_moneda","cat_casa",true,0.3235294117647059,0.19117647058823528,0.05673184232550033,0.04768586356095312,3.33896434604153,,"Household items","Animals",true,false
25,"Catalan","i",2,"Cognate","ovella","onada","globus","onada.wav",0.86,"l","cat_ovella","cat_onada","cat_globus",true,0.38235294117647056,0.07352941176470588,0.05893156169637058,0.03165132591085761,3.0379343503775487,,"Outside","Animals",true,false
26,"Catalan","i",2,"Non-cognate","ocell","ull","mà","ull-i.wav",1.07,"r","cat_ocell","cat_ull","cat_ma",true,0.45588235294117646,0.5147058823529411,0.060397413415836175,0.060607674846971306,3.9410243373694924,3.5150556050972113,"Body parts","Animals",true,false
27,"Catalan","i",2,"Unrelated","peix","ungla","aixeta","ungla.wav",1.44,"r","cat_peix1","cat_ungla","cat_aixeta",true,0.5147058823529411,0.23529411764705882,0.060607674846971306,0.051439684246776834,4.594236851144836,,"Body parts","Animals",true,false
28,"Catalan","i",2,"Unrelated","plàtan","orella","boca","orella-i.wav",1.35,"l","cat_platan","cat_orella","cat_boca",true,0.5,0.4411764705882353,0.06063390625908324,0.06021283237126247,,3.7369043547135674,"Body parts","Food and drink",false,false
29,"Catalan","i",2,"Cognate","pilota","porta","bici","porta.wav",1.25,"r","cat_pilota","cat_porta","cat_bici",true,0.6029411764705882,0.4264705882352941,0.05933493096110905,0.059974679167611115,4.830326039875803,4.786122377383749,"Household items","Toys",false,false
30,"Catalan","i",2,"Non-cognate","poma","porc","caixa","porc.wav",1.17,"l","cat_poma","cat_porc","cat_caixa",true,0.36764705882352944,0.36764705882352944,0.05847104599738657,0.05847104599738657,4.469298114536536,,"Animals","Food and drink",false,true
31,"Catalan","i",2,"Unrelated","guitarra","papallona","abella","papallona-i.wav",1.05,"l","cat_guitarra","cat_papallona","cat_abella",true,0.20588235294117646,0.35294117647058826,0.04903402325525394,0.05795202153786929,,3.639994341705511,"Animals","Toys",false,true
32,"Catalan","i",2,"Unrelated","maduixa","planta","mirall","planta.wav",1.3,"l","cat_maduixa","cat_planta","cat_mirall",true,0.3382352941176471,0.3088235294117647,0.05737290043970798,0.056026721184342244,,,"Outside","Food and drink",false,false
1,"Catalan","i",3,"Cognate","arbre","abella","papallona","abella-i.wav",1.13,"r","cat_arbre","cat_abella","cat_papallona",true,0.4411764705882353,0.29411764705882354,0.06021283237126247,0.05525508450751319,4.360153645111468,,"Animals","Outside",false,true
2,"Catalan","i",3,"Non-cognate","ànec","aigua","bolet","aigua.wav",1.16,"l","cat_anec","cat_aigua1","cat_bolet",true,0.36764705882352944,0.8529411764705882,0.05847104599738657,0.04294875981766924,,5.050771575082721,"Food and drink","Animals",true,false
3,"Catalan","i",3,"Unrelated","camió","amanida","berenar","amanida.wav",1.12,"r","cat_camio","cat_amanida","cat_berenar",true,0.36764705882352944,0.08823529411764706,0.05847104599738657,0.034396012719846096,,3.8830323903918056,"Food and drink","Vehicles",false,false
4,"Catalan","i",3,"Unrelated","finestra","aixeta","ungla","aixeta.wav",1.14,"l","cat_finestra","cat_aixeta","cat_ungla",true,0.2647058823529412,0.25,0.05350050552272051,0.05251050315105037,3.639994341705511,3.0379343503775487,"Household items","Outside",false,false
5,"Catalan","i",3,"Cognate","vaca","bolet","aigua","bolet.wav",1.45,"l","cat_vaca","cat_bolet","cat_aigua1",true,0.5,0.1323529411764706,0.06063390625908324,0.041094518050466565,4.399662186395142,3.5150556050972113,"Outside","Animals",true,false
6,"Catalan","i",3,"Non-cognate","barret","berenar","amanida","berenar.wav",1.15,"r","cat_barret","cat_berenar","cat_amanida",true,0.3382352941176471,0.4852941176470588,0.05737290043970798,0.0606076748469713,4.184062386055787,,"Games and rutines","Clothes",false,false
7,"Catalan","i",3,"Unrelated","osset","bici","porta","bici.wav",1.48,"l","cat_osset","cat_bici","cat_porta",true,0.38235294117647056,0.47058823529411764,0.05893156169637058,0.06052891240323841,4.184062386055787,4.242054333033474,"Vehicles","Toys",true,false
8,"Catalan","i",3,"Unrelated","claus","boca","orella","boca.wav",1.23,"r","cat_clau","cat_boca","cat_orella",true,0.39705882352941174,0.5147058823529411,0.05933493096110905,0.060607674846971306,3.639994341705511,4.639994341705512,"Body parts","Household items",false,false
9,"Catalan","i",3,"Cognate","cotxe","caixa","porc","caixa.wav",1.2,"r","cat_cotxe","cat_caixa","cat_porc",true,0.5294117647058824,0.39705882352941174,0.06052891240323841,0.05933493096110905,5.011062203977247,3.639994341705511,"Toys","Vehicles",false,false
10,"Catalan","i",3,"Non-cognate","cadira","casa","moneda","casa.wav",1.14,"l","cat_cadira","cat_casa","cat_moneda",true,0.47058823529411764,0.4852941176470588,0.06052891240323841,0.0606076748469713,4.316687951330378,4.883032390391806,"Outside","Household items",false,false
11,"Catalan","i",3,"Unrelated","vaixell","colom","mussol","colom.wav",1.48,"r","cat_vaixell","cat_colom","cat_mussol",true,,0.36764705882352944,,0.05847104599738657,3.0379343503775487,,"Animals","Vehicles",false,true
12,"Catalan","i",3,"Unrelated","ampolla","cuc","formiga","cuc.wav",1.31,"l","cat_ampolla","cat_cuc","cat_formiga",true,0.36764705882352944,0.2647058823529412,0.05847104599738657,0.05350050552272051,3.5150556050972113,4.268383271755823,"Animals","Household items",false,true
13,"Catalan","i",3,"Cognate","flor","forquilla","got","forquilla-i.wav",1.31,"l","cat_flor","cat_forquilla","cat_got",true,0.4264705882352941,0.3088235294117647,0.059974679167611115,0.056026721184342244,3.639994341705511,3.639994341705511,"Household items","Outside",false,false
14,"Catalan","i",3,"Non-cognate","formatge","pernil","galeta","pernil.wav",1.38,"l","cat_formatge","cat_pernil","cat_galeta",true,0.3382352941176471,0.3382352941176471,0.05737290043970798,0.05737290043970798,3.639994341705511,3.7369043547135674,"Food and drink","Food and drink",false,false
15,"Catalan","i",3,"Unrelated","botó","formiga","cuc","formiga.wav",1.22,"l","cat_boto","cat_formiga","cat_cuc",true,0.25,0.36764705882352944,0.05251050315105037,0.05847104599738657,,3.0379343503775487,"Animals","Clothes",false,true
16,"Catalan","i",3,"Unrelated","ulleres","fulla","galleda","fulla-i.wav",1.33,"r","cat_ulleres","cat_fulla","cat_galleda",true,0.3382352941176471,0.3088235294117647,0.05737290043970798,0.056026721184342244,3.33896434604153,3.639994341705511,"Outside","Clothes",false,false
17,"Catalan","i",3,"Cognate","gat","globus","onada","globus.wav",1.55,"r","cat_gat","cat_globus","cat_onada",true,0.5,0.47058823529411764,0.06063390625908324,0.06052891240323841,4.242054333033474,3.9410243373694924,"Toys","Animals",true,false
18,"Catalan","i",3,"Non-cognate","gos","galeta","pernil","galeta.wav",1.07,"l","cat_gos","cat_galeta","cat_pernil",true,0.5882352941176471,0.6029411764705882,0.05968231249363439,0.05933493096110905,4.786122377383749,3.33896434604153,"Food and drink","Animals",true,false
19,"Catalan","i",3,"Unrelated","mico","got","forquilla","got.wav",1.25,"l","cat_mono","cat_got","cat_forquilla",true,0.4852941176470588,0.4117647058823529,0.0606076748469713,0.05968231249363439,3.33896434604153,4.184062386055787,"Household items","Animals",true,false
20,"Catalan","i",3,"Unrelated","pa","galleda","fulla","galleda-i.wav",1.1,"r","cat_pa","cat_galleda","cat_fulla",true,0.7058823529411765,0.20588235294117646,0.05525508450751319,0.04903402325525394,4.691146864152892,3.0379343503775487,"Household items","Food and drink",false,false
21,"Catalan","i",3,"Cognate","moto","mirall","planta","mirall-i.wav",1.3,"r","cat_moto","cat_mirall","cat_planta",true,0.4264705882352941,0.29411764705882354,0.059974679167611115,0.05525508450751319,3.8160856007611925,3.5150556050972113,"Household items","Vehicles",false,false
22,"Catalan","i",3,"Non-cognate","mitjó","mussol","colom","mussol.wav",1.54,"r","cat_mitjo","cat_mussol","cat_colom",true,0.47058823529411764,0.25,0.06052891240323841,0.05251050315105037,,3.5150556050972113,"Animals","Clothes",false,true
23,"Catalan","i",3,"Unrelated","avió","moneda","casa","moneda.wav",0.88,"l","cat_avio","cat_moneda","cat_casa",true,0.39705882352941174,0.19117647058823528,0.05933493096110905,0.04768586356095312,,,"Household items","Vehicles",false,false
24,"Catalan","i",3,"Unrelated","granota","mà","ull","ma.wav",1.18,"l","cat_granota","cat_ma","cat_ull",true,0.3235294117647059,0.5735294117647058,0.05673184232550033,0.05997467916761112,3.33896434604153,,"Body parts","Animals",true,false
25,"Catalan","i",3,"Cognate","ovella","ull","mà","ull-i.wav",1.07,"l","cat_ovella","cat_ull","cat_ma",true,0.38235294117647056,0.5147058823529411,0.05893156169637058,0.060607674846971306,3.0379343503775487,3.5150556050972113,"Body parts","Animals",true,false
26,"Catalan","i",3,"Non-cognate","ocell","ungla","aixeta","ungla.wav",1.44,"l","cat_ocell","cat_ungla","cat_aixeta",true,0.45588235294117646,0.23529411764705882,0.060397413415836175,0.051439684246776834,3.9410243373694924,,"Body parts","Animals",true,false
27,"Catalan","i",3,"Unrelated","peix","orella","boca","orella-i.wav",1.35,"r","cat_peix1","cat_orella","cat_boca",true,0.5147058823529411,0.4411764705882353,0.060607674846971306,0.06021283237126247,4.594236851144836,3.7369043547135674,"Body parts","Animals",true,false
28,"Catalan","i",3,"Unrelated","plàtan","onada","globus","onada.wav",0.86,"r","cat_platan","cat_onada","cat_globus",true,0.5,0.07352941176470588,0.06063390625908324,0.03165132591085761,,,"Outside","Food and drink",false,false
29,"Catalan","i",3,"Cognate","pilota","porc","caixa","porc.wav",1.17,"r","cat_pilota","cat_porc","cat_caixa",true,0.6029411764705882,0.36764705882352944,0.05933493096110905,0.05847104599738657,4.830326039875803,,"Animals","Toys",false,true
30,"Catalan","i",3,"Non-cognate","poma","papallona","abella","papallona-i.wav",1.05,"r","cat_poma","cat_papallona","cat_abella",true,0.36764705882352944,0.35294117647058826,0.05847104599738657,0.05795202153786929,4.469298114536536,3.639994341705511,"Animals","Food and drink",false,true
31,"Catalan","i",3,"Unrelated","guitarra","planta","mirall","planta.wav",1.3,"r","cat_guitarra","cat_planta","cat_mirall",true,0.20588235294117646,0.3088235294117647,0.04903402325525394,0.056026721184342244,,,"Outside","Toys",false,false
32,"Catalan","i",3,"Unrelated","maduixa","porta","bici","porta.wav",1.25,"l","cat_maduixa","cat_porta","cat_bici",true,0.3382352941176471,0.4264705882352941,0.05737290043970798,0.059974679167611115,,4.786122377383749,"Household items","Food and drink",false,false
1,"Catalan","ll",1,"Cognate","arbre","aigua","bolet","aigua.wav",1.16,"l","cat_arbre","cat_aigua1","cat_bolet",true,0.4411764705882353,0.8529411764705882,0.06021283237126247,0.04294875981766924,4.360153645111468,5.050771575082721,"Food and drink","Outside",false,false
2,"Catalan","ll",1,"Non-cognate","ànec","amanida","berenar","amanida.wav",1.12,"r","cat_anec","cat_amanida","cat_berenar",true,0.36764705882352944,0.08823529411764706,0.05847104599738657,0.034396012719846096,,3.8830323903918056,"Food and drink","Animals",true,false
3,"Catalan","ll",1,"Unrelated","camió","aixeta","ungla","aixeta.wav",1.14,"l","cat_camio","cat_aixeta","cat_ungla",true,0.36764705882352944,0.25,0.05847104599738657,0.05251050315105037,,3.0379343503775487,"Household items","Vehicles",false,false
4,"Catalan","ll",1,"Unrelated","finestra","abella","papallona","abella-ll.wav",1.16,"r","cat_finestra","cat_abella","cat_papallona",true,0.2647058823529412,0.29411764705882354,0.05350050552272051,0.05525508450751319,3.639994341705511,,"Animals","Outside",false,true
5,"Catalan","ll",1,"Cognate","vaca","berenar","amanida","berenar.wav",1.15,"r","cat_vaca","cat_berenar","cat_amanida",true,0.5,0.4852941176470588,0.06063390625908324,0.0606076748469713,4.399662186395142,,"Games and rutines","Animals",true,false
6,"Catalan","ll",1,"Non-cognate","barret","bici","porta","bici.wav",1.48,"l","cat_barret","cat_bici","cat_porta",true,0.3382352941176471,0.47058823529411764,0.05737290043970798,0.06052891240323841,4.184062386055787,4.242054333033474,"Vehicles","Clothes",false,false
7,"Catalan","ll",1,"Unrelated","osset","boca","orella","boca.wav",1.23,"r","cat_osset","cat_boca","cat_orella",true,0.38235294117647056,0.5147058823529411,0.05893156169637058,0.060607674846971306,4.184062386055787,4.639994341705512,"Body parts","Toys",true,false
8,"Catalan","ll",1,"Unrelated","claus","bolet","aigua","bolet.wav",1.45,"l","cat_clau","cat_bolet","cat_aigua1",true,0.39705882352941174,0.1323529411764706,0.05933493096110905,0.041094518050466565,3.639994341705511,3.5150556050972113,"Outside","Household items",false,false
9,"Catalan","ll",1,"Cognate","cotxe","casa","moneda","casa.wav",1.14,"l","cat_cotxe","cat_casa","cat_moneda",true,0.5294117647058824,0.4852941176470588,0.06052891240323841,0.0606076748469713,5.011062203977247,4.883032390391806,"Outside","Vehicles",false,false
10,"Catalan","ll",1,"Non-cognate","cadira","colom","mussol","colom.wav",1.48,"r","cat_cadira","cat_colom","cat_mussol",true,0.47058823529411764,0.36764705882352944,0.06052891240323841,0.05847104599738657,4.316687951330378,,"Animals","Household items",false,true
11,"Catalan","ll",1,"Unrelated","vaixell","cuc","formiga","cuc.wav",1.31,"l","cat_vaixell","cat_cuc","cat_formiga",true,,0.2647058823529412,,0.05350050552272051,3.0379343503775487,4.268383271755823,"Animals","Vehicles",false,true
12,"Catalan","ll",1,"Unrelated","ampolla","caixa","porc","caixa.wav",1.2,"r","cat_ampolla","cat_caixa","cat_porc",true,0.36764705882352944,0.39705882352941174,0.05847104599738657,0.05933493096110905,3.5150556050972113,3.639994341705511,"Toys","Household items",false,false
13,"Catalan","ll",1,"Cognate","flor","pernil","galeta","pernil.wav",1.38,"l","cat_flor","cat_pernil","cat_galeta",true,0.4264705882352941,0.3382352941176471,0.059974679167611115,0.05737290043970798,3.639994341705511,3.7369043547135674,"Food and drink","Outside",false,false
14,"Catalan","ll",1,"Non-cognate","formatge","formiga","cuc","formiga.wav",1.22,"l","cat_formatge","cat_formiga","cat_cuc",true,0.3382352941176471,0.36764705882352944,0.05737290043970798,0.05847104599738657,3.639994341705511,3.0379343503775487,"Animals","Food and drink",false,true
15,"Catalan","ll",1,"Unrelated","botó","fulla","galleda","fulla-ll.wav",1.31,"r","cat_boto","cat_fulla","cat_galleda",true,0.25,0.3088235294117647,0.05251050315105037,0.056026721184342244,,3.639994341705511,"Outside","Clothes",false,false
16,"Catalan","ll",1,"Unrelated","ulleres","forquilla","got","forquilla-ll.wav",1.25,"l","cat_ulleres","cat_forquilla","cat_got",true,0.3382352941176471,0.3088235294117647,0.05737290043970798,0.056026721184342244,3.33896434604153,3.639994341705511,"Household items","Clothes",false,false
17,"Catalan","ll",1,"Cognate","gat","galeta","pernil","galeta.wav",1.07,"l","cat_gat","cat_galeta","cat_pernil",true,0.5,0.6029411764705882,0.06063390625908324,0.05933493096110905,4.242054333033474,3.33896434604153,"Food and drink","Animals",true,false
18,"Catalan","ll",1,"Non-cognate","gos","got","forquilla","got.wav",1.25,"l","cat_gos","cat_got","cat_forquilla",true,0.5882352941176471,0.4117647058823529,0.05968231249363439,0.05968231249363439,4.786122377383749,4.184062386055787,"Household items","Animals",true,false
19,"Catalan","ll",1,"Unrelated","mico","galleda","fulla","galleda-ll.wav",1.03,"r","cat_mono","cat_galleda","cat_fulla",true,0.4852941176470588,0.20588235294117646,0.0606076748469713,0.04903402325525394,3.33896434604153,3.0379343503775487,"Household items","Animals",true,false
20,"Catalan","ll",1,"Unrelated","pa","globus","onada","globus.wav",1.55,"r","cat_pa","cat_globus","cat_onada",true,0.7058823529411765,0.47058823529411764,0.05525508450751319,0.06052891240323841,4.691146864152892,3.9410243373694924,"Toys","Food and drink",false,false
21,"Catalan","ll",1,"Cognate","moto","mussol","colom","mussol.wav",1.54,"r","cat_moto","cat_mussol","cat_colom",true,0.4264705882352941,0.25,0.059974679167611115,0.05251050315105037,3.8160856007611925,3.5150556050972113,"Animals","Vehicles",false,true
22,"Catalan","ll",1,"Non-cognate","mitjó","moneda","casa","moneda.wav",0.88,"l","cat_mitjo","cat_moneda","cat_casa",true,0.47058823529411764,0.19117647058823528,0.06052891240323841,0.04768586356095312,,,"Household items","Clothes",false,false
23,"Catalan","ll",1,"Unrelated","avió","mà","ull","ma.wav",1.18,"l","cat_avio","cat_ma","cat_ull",true,0.39705882352941174,0.5735294117647058,0.05933493096110905,0.05997467916761112,,,"Body parts","Vehicles",false,false
24,"Catalan","ll",1,"Unrelated","granota","mirall","planta","mirall-ll.wav",1.23,"r","cat_granota","cat_mirall","cat_planta",true,0.3235294117647059,0.29411764705882354,0.05673184232550033,0.05525508450751319,3.33896434604153,3.5150556050972113,"Household items","Animals",true,false
25,"Catalan","ll",1,"Cognate","ovella","onada","globus","onada.wav",0.86,"r","cat_ovella","cat_onada","cat_globus",true,0.38235294117647056,0.07352941176470588,0.05893156169637058,0.03165132591085761,3.0379343503775487,,"Outside","Animals",true,false
26,"Catalan","ll",1,"Non-cognate","ocell","ull","mà","ull-ll.wav",1.24,"l","cat_ocell","cat_ull","cat_ma",true,0.45588235294117646,0.5147058823529411,0.060397413415836175,0.060607674846971306,3.9410243373694924,3.5150556050972113,"Body parts","Animals",true,false
27,"Catalan","ll",1,"Unrelated","peix","ungla","aixeta","ungla.wav",1.44,"l","cat_peix1","cat_ungla","cat_aixeta",true,0.5147058823529411,0.23529411764705882,0.060607674846971306,0.051439684246776834,4.594236851144836,,"Body parts","Animals",true,false
28,"Catalan","ll",1,"Unrelated","plàtan","orella","boca","orella-ll.wav",0.93,"r","cat_platan","cat_orella","cat_boca",true,0.5,0.4411764705882353,0.06063390625908324,0.06021283237126247,,3.7369043547135674,"Body parts","Food and drink",false,false
29,"Catalan","ll",1,"Cognate","pilota","papallona","abella","papallona-ll.wav",1.02,"r","cat_pilota","cat_papallona","cat_abella",true,0.6029411764705882,0.35294117647058826,0.05933493096110905,0.05795202153786929,4.830326039875803,3.639994341705511,"Animals","Toys",false,true
30,"Catalan","ll",1,"Non-cognate","poma","planta","mirall","planta.wav",1.3,"r","cat_poma","cat_planta","cat_mirall",true,0.36764705882352944,0.3088235294117647,0.05847104599738657,0.056026721184342244,4.469298114536536,,"Outside","Food and drink",false,false
31,"Catalan","ll",1,"Unrelated","guitarra","porta","bici","porta.wav",1.25,"l","cat_guitarra","cat_porta","cat_bici",true,0.20588235294117646,0.4264705882352941,0.04903402325525394,0.059974679167611115,,4.786122377383749,"Household items","Toys",false,false
32,"Catalan","ll",1,"Unrelated","maduixa","porc","caixa","porc.wav",1.17,"r","cat_maduixa","cat_porc","cat_caixa",true,0.3382352941176471,0.36764705882352944,0.05737290043970798,0.05847104599738657,,,"Animals","Food and drink",false,true
1,"Catalan","ll",2,"Cognate","arbre","aixeta","ungla","aixeta.wav",1.14,"r","cat_arbre","cat_aixeta","cat_ungla",true,0.4411764705882353,0.25,0.06021283237126247,0.05251050315105037,4.360153645111468,3.0379343503775487,"Household items","Outside",false,false
2,"Catalan","ll",2,"Non-cognate","ànec","abella","papallona","abella-ll.wav",1.16,"l","cat_anec","cat_abella","cat_papallona",true,0.36764705882352944,0.29411764705882354,0.05847104599738657,0.05525508450751319,,,"Animals","Animals",true,true
3,"Catalan","ll",2,"Unrelated","camió","aigua","bolet","aigua.wav",1.16,"r","cat_camio","cat_aigua1","cat_bolet",true,0.36764705882352944,0.8529411764705882,0.05847104599738657,0.04294875981766924,,5.050771575082721,"Food and drink","Vehicles",false,false
4,"Catalan","ll",2,"Unrelated","finestra","amanida","berenar","amanida.wav",1.12,"l","cat_finestra","cat_amanida","cat_berenar",true,0.2647058823529412,0.08823529411764706,0.05350050552272051,0.034396012719846096,3.639994341705511,3.8830323903918056,"Food and drink","Outside",false,false
5,"Catalan","ll",2,"Cognate","vaca","boca","orella","boca.wav",1.23,"l","cat_vaca","cat_boca","cat_orella",true,0.5,0.5147058823529411,0.06063390625908324,0.060607674846971306,4.399662186395142,4.639994341705512,"Body parts","Animals",true,false
6,"Catalan","ll",2,"Non-cognate","barret","bolet","aigua","bolet.wav",1.45,"r","cat_barret","cat_bolet","cat_aigua1",true,0.3382352941176471,0.1323529411764706,0.05737290043970798,0.041094518050466565,4.184062386055787,3.5150556050972113,"Outside","Clothes",false,false
7,"Catalan","ll",2,"Unrelated","osset","berenar","amanida","berenar.wav",1.15,"l","cat_osset","cat_berenar","cat_amanida",true,0.38235294117647056,0.4852941176470588,0.05893156169637058,0.0606076748469713,4.184062386055787,,"Games and rutines","Toys",true,false
8,"Catalan","ll",2,"Unrelated","claus","bici","porta","bici.wav",1.48,"r","cat_clau","cat_bici","cat_porta",true,0.39705882352941174,0.47058823529411764,0.05933493096110905,0.06052891240323841,3.639994341705511,4.242054333033474,"Vehicles","Household items",false,false
9,"Catalan","ll",2,"Cognate","cotxe","cuc","formiga","cuc.wav",1.31,"r","cat_cotxe","cat_cuc","cat_formiga",true,0.5294117647058824,0.2647058823529412,0.06052891240323841,0.05350050552272051,5.011062203977247,4.268383271755823,"Animals","Vehicles",false,true
10,"Catalan","ll",2,"Non-cognate","cadira","caixa","porc","caixa.wav",1.2,"l","cat_cadira","cat_caixa","cat_porc",true,0.47058823529411764,0.39705882352941174,0.06052891240323841,0.05933493096110905,4.316687951330378,3.639994341705511,"Toys","Household items",false,false
11,"Catalan","ll",2,"Unrelated","vaixell","casa","moneda","casa.wav",1.14,"r","cat_vaixell","cat_casa","cat_moneda",true,,0.4852941176470588,,0.0606076748469713,3.0379343503775487,4.883032390391806,"Outside","Vehicles",false,false
12,"Catalan","ll",2,"Unrelated","ampolla","colom","mussol","colom.wav",1.48,"l","cat_ampolla","cat_colom","cat_mussol",true,0.36764705882352944,0.36764705882352944,0.05847104599738657,0.05847104599738657,3.5150556050972113,,"Animals","Household items",false,true
13,"Catalan","ll",2,"Cognate","flor","fulla","galleda","fulla-ll.wav",1.31,"l","cat_flor","cat_fulla","cat_galleda",true,0.4264705882352941,0.3088235294117647,0.059974679167611115,0.056026721184342244,3.639994341705511,3.639994341705511,"Outside","Outside",false,false
14,"Catalan","ll",2,"Non-cognate","formatge","forquilla","got","forquilla-ll.wav",1.25,"r","cat_formatge","cat_forquilla","cat_got",true,0.3382352941176471,0.3088235294117647,0.05737290043970798,0.056026721184342244,3.639994341705511,3.639994341705511,"Household items","Food and drink",false,false
15,"Catalan","ll",2,"Unrelated","botó","pernil","galeta","pernil.wav",1.38,"r","cat_boto","cat_pernil","cat_galeta",true,0.25,0.3382352941176471,0.05251050315105037,0.05737290043970798,,3.7369043547135674,"Food and drink","Clothes",false,false
16,"Catalan","ll",2,"Unrelated","ulleres","formiga","cuc","formiga.wav",1.22,"r","cat_ulleres","cat_formiga","cat_cuc",true,0.3382352941176471,0.36764705882352944,0.05737290043970798,0.05847104599738657,3.33896434604153,3.0379343503775487,"Animals","Clothes",false,true
17,"Catalan","ll",2,"Cognate","gat","galleda","fulla","galleda-ll.wav",1.03,"l","cat_gat","cat_galleda","cat_fulla",true,0.5,0.20588235294117646,0.06063390625908324,0.04903402325525394,4.242054333033474,3.0379343503775487,"Household items","Animals",true,false
18,"Catalan","ll",2,"Non-cognate","gos","globus","onada","globus.wav",1.55,"l","cat_gos","cat_globus","cat_onada",true,0.5882352941176471,0.47058823529411764,0.05968231249363439,0.06052891240323841,4.786122377383749,3.9410243373694924,"Toys","Animals",true,false
19,"Catalan","ll",2,"Unrelated","mico","galeta","pernil","galeta.wav",1.07,"r","cat_mono","cat_galeta","cat_pernil",true,0.4852941176470588,0.6029411764705882,0.0606076748469713,0.05933493096110905,3.33896434604153,3.33896434604153,"Food and drink","Animals",true,false
20,"Catalan","ll",2,"Unrelated","pa","got","forquilla","got.wav",1.25,"r","cat_pa","cat_got","cat_forquilla",true,0.7058823529411765,0.4117647058823529,0.05525508450751319,0.05968231249363439,4.691146864152892,4.184062386055787,"Household items","Food and drink",false,false
21,"Catalan","ll",2,"Cognate","moto","mà","ull","ma.wav",1.18,"r","cat_moto","cat_ma","cat_ull",true,0.4264705882352941,0.5735294117647058,0.059974679167611115,0.05997467916761112,3.8160856007611925,,"Body parts","Vehicles",false,false
22,"Catalan","ll",2,"Non-cognate","mitjó","mirall","planta","mirall-ll.wav",1.23,"l","cat_mitjo","cat_mirall","cat_planta",true,0.47058823529411764,0.29411764705882354,0.06052891240323841,0.05525508450751319,,3.5150556050972113,"Household items","Clothes",false,false
23,"Catalan","ll",2,"Unrelated","avió","mussol","colom","mussol.wav",1.54,"l","cat_avio","cat_mussol","cat_colom",true,0.39705882352941174,0.25,0.05933493096110905,0.05251050315105037,,3.5150556050972113,"Animals","Vehicles",false,true
24,"Catalan","ll",2,"Unrelated","granota","moneda","casa","moneda.wav",0.88,"r","cat_granota","cat_moneda","cat_casa",true,0.3235294117647059,0.19117647058823528,0.05673184232550033,0.04768586356095312,3.33896434604153,,"Household items","Animals",true,false
25,"Catalan","ll",2,"Cognate","ovella","onada","globus","onada.wav",0.86,"l","cat_ovella","cat_onada","cat_globus",true,0.38235294117647056,0.07352941176470588,0.05893156169637058,0.03165132591085761,3.0379343503775487,,"Outside","Animals",true,false
26,"Catalan","ll",2,"Non-cognate","ocell","ull","mà","ull-ll.wav",1.24,"r","cat_ocell","cat_ull","cat_ma",true,0.45588235294117646,0.5147058823529411,0.060397413415836175,0.060607674846971306,3.9410243373694924,3.5150556050972113,"Body parts","Animals",true,false
27,"Catalan","ll",2,"Unrelated","peix","ungla","aixeta","ungla.wav",1.44,"r","cat_peix1","cat_ungla","cat_aixeta",true,0.5147058823529411,0.23529411764705882,0.060607674846971306,0.051439684246776834,4.594236851144836,,"Body parts","Animals",true,false
28,"Catalan","ll",2,"Unrelated","plàtan","orella","boca","orella-ll.wav",0.93,"l","cat_platan","cat_orella","cat_boca",true,0.5,0.4411764705882353,0.06063390625908324,0.06021283237126247,,3.7369043547135674,"Body parts","Food and drink",false,false
29,"Catalan","ll",2,"Cognate","pilota","porta","bici","porta.wav",1.25,"r","cat_pilota","cat_porta","cat_bici",true,0.6029411764705882,0.4264705882352941,0.05933493096110905,0.059974679167611115,4.830326039875803,4.786122377383749,"Household items","Toys",false,false
30,"Catalan","ll",2,"Non-cognate","poma","porc","caixa","porc.wav",1.17,"l","cat_poma","cat_porc","cat_caixa",true,0.36764705882352944,0.36764705882352944,0.05847104599738657,0.05847104599738657,4.469298114536536,,"Animals","Food and drink",false,true
31,"Catalan","ll",2,"Unrelated","guitarra","papallona","abella","papallona-ll.wav",1.02,"l","cat_guitarra","cat_papallona","cat_abella",true,0.20588235294117646,0.35294117647058826,0.04903402325525394,0.05795202153786929,,3.639994341705511,"Animals","Toys",false,true
32,"Catalan","ll",2,"Unrelated","maduixa","planta","mirall","planta.wav",1.3,"l","cat_maduixa","cat_planta","cat_mirall",true,0.3382352941176471,0.3088235294117647,0.05737290043970798,0.056026721184342244,,,"Outside","Food and drink",false,false
1,"Catalan","ll",3,"Cognate","arbre","abella","papallona","abella-ll.wav",1.16,"r","cat_arbre","cat_abella","cat_papallona",true,0.4411764705882353,0.29411764705882354,0.06021283237126247,0.05525508450751319,4.360153645111468,,"Animals","Outside",false,true
2,"Catalan","ll",3,"Non-cognate","ànec","aigua","bolet","aigua.wav",1.16,"l","cat_anec","cat_aigua1","cat_bolet",true,0.36764705882352944,0.8529411764705882,0.05847104599738657,0.04294875981766924,,5.050771575082721,"Food and drink","Animals",true,false
3,"Catalan","ll",3,"Unrelated","camió","amanida","berenar","amanida.wav",1.12,"r","cat_camio","cat_amanida","cat_berenar",true,0.36764705882352944,0.08823529411764706,0.05847104599738657,0.034396012719846096,,3.8830323903918056,"Food and drink","Vehicles",false,false
4,"Catalan","ll",3,"Unrelated","finestra","aixeta","ungla","aixeta.wav",1.14,"l","cat_finestra","cat_aixeta","cat_ungla",true,0.2647058823529412,0.25,0.05350050552272051,0.05251050315105037,3.639994341705511,3.0379343503775487,"Household items","Outside",false,false
5,"Catalan","ll",3,"Cognate","vaca","bolet","aigua","bolet.wav",1.45,"l","cat_vaca","cat_bolet","cat_aigua1",true,0.5,0.1323529411764706,0.06063390625908324,0.041094518050466565,4.399662186395142,3.5150556050972113,"Outside","Animals",true,false
6,"Catalan","ll",3,"Non-cognate","barret","berenar","amanida","berenar.wav",1.15,"r","cat_barret","cat_berenar","cat_amanida",true,0.3382352941176471,0.4852941176470588,0.05737290043970798,0.0606076748469713,4.184062386055787,,"Games and rutines","Clothes",false,false
7,"Catalan","ll",3,"Unrelated","osset","bici","porta","bici.wav",1.48,"l","cat_osset","cat_bici","cat_porta",true,0.38235294117647056,0.47058823529411764,0.05893156169637058,0.06052891240323841,4.184062386055787,4.242054333033474,"Vehicles","Toys",true,false
8,"Catalan","ll",3,"Unrelated","claus","boca","orella","boca.wav",1.23,"r","cat_clau","cat_boca","cat_orella",true,0.39705882352941174,0.5147058823529411,0.05933493096110905,0.060607674846971306,3.639994341705511,4.639994341705512,"Body parts","Household items",false,false
9,"Catalan","ll",3,"Cognate","cotxe","caixa","porc","caixa.wav",1.2,"r","cat_cotxe","cat_caixa","cat_porc",true,0.5294117647058824,0.39705882352941174,0.06052891240323841,0.05933493096110905,5.011062203977247,3.639994341705511,"Toys","Vehicles",false,false
10,"Catalan","ll",3,"Non-cognate","cadira","casa","moneda","casa.wav",1.14,"l","cat_cadira","cat_casa","cat_moneda",true,0.47058823529411764,0.4852941176470588,0.06052891240323841,0.0606076748469713,4.316687951330378,4.883032390391806,"Outside","Household items",false,false
11,"Catalan","ll",3,"Unrelated","vaixell","colom","mussol","colom.wav",1.48,"r","cat_vaixell","cat_colom","cat_mussol",true,,0.36764705882352944,,0.05847104599738657,3.0379343503775487,,"Animals","Vehicles",false,true
12,"Catalan","ll",3,"Unrelated","ampolla","cuc","formiga","cuc.wav",1.31,"l","cat_ampolla","cat_cuc","cat_formiga",true,0.36764705882352944,0.2647058823529412,0.05847104599738657,0.05350050552272051,3.5150556050972113,4.268383271755823,"Animals","Household items",false,true
13,"Catalan","ll",3,"Cognate","flor","forquilla","got","forquilla-ll.wav",1.25,"l","cat_flor","cat_forquilla","cat_got",true,0.4264705882352941,0.3088235294117647,0.059974679167611115,0.056026721184342244,3.639994341705511,3.639994341705511,"Household items","Outside",false,false
14,"Catalan","ll",3,"Non-cognate","formatge","pernil","galeta","pernil.wav",1.38,"l","cat_formatge","cat_pernil","cat_galeta",true,0.3382352941176471,0.3382352941176471,0.05737290043970798,0.05737290043970798,3.639994341705511,3.7369043547135674,"Food and drink","Food and drink",false,false
15,"Catalan","ll",3,"Unrelated","botó","formiga","cuc","formiga.wav",1.22,"l","cat_boto","cat_formiga","cat_cuc",true,0.25,0.36764705882352944,0.05251050315105037,0.05847104599738657,,3.0379343503775487,"Animals","Clothes",false,true
16,"Catalan","ll",3,"Unrelated","ulleres","fulla","galleda","fulla-ll.wav",1.31,"r","cat_ulleres","cat_fulla","cat_galleda",true,0.3382352941176471,0.3088235294117647,0.05737290043970798,0.056026721184342244,3.33896434604153,3.639994341705511,"Outside","Clothes",false,false
17,"Catalan","ll",3,"Cognate","gat","globus","onada","globus.wav",1.55,"r","cat_gat","cat_globus","cat_onada",true,0.5,0.47058823529411764,0.06063390625908324,0.06052891240323841,4.242054333033474,3.9410243373694924,"Toys","Animals",true,false
18,"Catalan","ll",3,"Non-cognate","gos","galeta","pernil","galeta.wav",1.07,"l","cat_gos","cat_galeta","cat_pernil",true,0.5882352941176471,0.6029411764705882,0.05968231249363439,0.05933493096110905,4.786122377383749,3.33896434604153,"Food and drink","Animals",true,false
19,"Catalan","ll",3,"Unrelated","mico","got","forquilla","got.wav",1.25,"l","cat_mono","cat_got","cat_forquilla",true,0.4852941176470588,0.4117647058823529,0.0606076748469713,0.05968231249363439,3.33896434604153,4.184062386055787,"Household items","Animals",true,false
20,"Catalan","ll",3,"Unrelated","pa","galleda","fulla","galleda-ll.wav",1.03,"r","cat_pa","cat_galleda","cat_fulla",true,0.7058823529411765,0.20588235294117646,0.05525508450751319,0.04903402325525394,4.691146864152892,3.0379343503775487,"Household items","Food and drink",false,false
21,"Catalan","ll",3,"Cognate","moto","mirall","planta","mirall-ll.wav",1.23,"r","cat_moto","cat_mirall","cat_planta",true,0.4264705882352941,0.29411764705882354,0.059974679167611115,0.05525508450751319,3.8160856007611925,3.5150556050972113,"Household items","Vehicles",false,false
22,"Catalan","ll",3,"Non-cognate","mitjó","mussol","colom","mussol.wav",1.54,"r","cat_mitjo","cat_mussol","cat_colom",true,0.47058823529411764,0.25,0.06052891240323841,0.05251050315105037,,3.5150556050972113,"Animals","Clothes",false,true
23,"Catalan","ll",3,"Unrelated","avió","moneda","casa","moneda.wav",0.88,"l","cat_avio","cat_moneda","cat_casa",true,0.39705882352941174,0.19117647058823528,0.05933493096110905,0.04768586356095312,,,"Household items","Vehicles",false,false
24,"Catalan","ll",3,"Unrelated","granota","mà","ull","ma.wav",1.18,"l","cat_granota","cat_ma","cat_ull",true,0.3235294117647059,0.5735294117647058,0.05673184232550033,0.05997467916761112,3.33896434604153,,"Body parts","Animals",true,false
25,"Catalan","ll",3,"Cognate","ovella","ull","mà","ull-ll.wav",1.24,"l","cat_ovella","cat_ull","cat_ma",true,0.38235294117647056,0.5147058823529411,0.05893156169637058,0.060607674846971306,3.0379343503775487,3.5150556050972113,"Body parts","Animals",true,false
26,"Catalan","ll",3,"Non-cognate","ocell","ungla","aixeta","ungla.wav",1.44,"l","cat_ocell","cat_ungla","cat_aixeta",true,0.45588235294117646,0.23529411764705882,0.060397413415836175,0.051439684246776834,3.9410243373694924,,"Body parts","Animals",true,false
27,"Catalan","ll",3,"Unrelated","peix","orella","boca","orella-ll.wav",0.93,"r","cat_peix1","cat_orella","cat_boca",true,0.5147058823529411,0.4411764705882353,0.060607674846971306,0.06021283237126247,4.594236851144836,3.7369043547135674,"Body parts","Animals",true,false
28,"Catalan","ll",3,"Unrelated","plàtan","onada","globus","onada.wav",0.86,"r","cat_platan","cat_onada","cat_globus",true,0.5,0.07352941176470588,0.06063390625908324,0.03165132591085761,,,"Outside","Food and drink",false,false
29,"Catalan","ll",3,"Cognate","pilota","porc","caixa","porc.wav",1.17,"r","cat_pilota","cat_porc","cat_caixa",true,0.6029411764705882,0.36764705882352944,0.05933493096110905,0.05847104599738657,4.830326039875803,,"Animals","Toys",false,true
30,"Catalan","ll",3,"Non-cognate","poma","papallona","abella","papallona-ll.wav",1.02,"r","cat_poma","cat_papallona","cat_abella",true,0.36764705882352944,0.35294117647058826,0.05847104599738657,0.05795202153786929,4.469298114536536,3.639994341705511,"Animals","Food and drink",false,true
31,"Catalan","ll",3,"Unrelated","guitarra","planta","mirall","planta.wav",1.3,"r","cat_guitarra","cat_planta","cat_mirall",true,0.20588235294117646,0.3088235294117647,0.04903402325525394,0.056026721184342244,,,"Outside","Toys",false,false
32,"Catalan","ll",3,"Unrelated","maduixa","porta","bici","porta.wav",1.25,"l","cat_maduixa","cat_porta","cat_bici",true,0.3382352941176471,0.4264705882352941,0.05737290043970798,0.059974679167611115,,4.786122377383749,"Household items","Food and drink",false,false
1,"Spanish","euro",1,"Cognate","vaca","boca","caja","boca.wav",1.23,"r","spa_vaca","spa_boca","spa_caja",true,0.6,0.525,0.07745966692414834,0.07895805848676878,5.054479806341204,4.726702274831476,"Body parts","Animals",true,false
2,"Spanish","euro",1,"Non-cognate","botella","bici","cepillo","bici.wav",,"l","spa_botella","spa_bici","spa_cepillo",true,0.375,0.475,0.07654655446197431,0.07895805848676878,4.29835384081384,4.1027404420556834,"Vehicles","Household items",false,false
3,"Spanish","euro",1,"Unrelated","globo","botón","tobogán","boton.wav",1.39,"r","spa_globo","spa_boton","spa_tobogan",true,0.325,0.3,0.07405656621799313,0.07245688373094719,4.80913446447091,4.178161539230002,"Clothes","Toys",false,false
4,"Spanish","euro",1,"Unrelated","mono","ventana","ombligo","ventana.wav",1.12,"l","spa_mono","spa_ventana","spa_ombligo",true,0.375,0.35,0.07654655446197431,0.07541551564499178,4.521156036437519,5.043462965332546,"Outside","Animals",true,false
5,"Spanish","euro",1,"Cognate","coche","caja","boca","caja.wav",0.98,"r","spa_coche","spa_caja","spa_boca",true,0.575,0.3,0.07816249100431741,0.07245688373094719,5.337135529238472,4.7658237098573215,"Toys","Vehicles",false,false
6,"Spanish","euro",1,"Non-cognate","cama","cuchara","osito","cuchara.wav",0.87,"r","spa_cama","spa_cuchara","spa_osito",true,0.45,0.45,0.07866066361276136,0.07866066361276136,5.217834243993953,4.24240243548469,"Household items","Household items",false,false
7,"Spanish","euro",1,"Unrelated","zumo","cubo","tambor","cubo.wav",1.01,"l","spa_zumo","spa_cubo","spa_tambor",true,0.275,0.3,0.07060010623221469,0.07245688373094719,3.418493694540371,4.002070280174321,"Household items","Food and drink",false,false
8,"Spanish","euro",1,"Unrelated","pato","calcetín","plátano","calcetin.wav",,"r","spa_pato","spa_calcetin","spa_platano",true,0.425,0.375,0.07816249100431741,0.07654655446197431,4.80913446447091,3.4854404841709847,"Clothes","Animals",true,false
9,"Spanish","euro",1,"Cognate","cebra","cepillo","bici","cepillo.wav",,"l","spa_cebra","spa_cepillo","spa_bici",true,0.225,0.325,0.06602556323122129,0.07405656621799313,3.515403707548428,3.9925249622680905,"Household items","Animals",true,false
10,"Spanish","euro",1,"Non-cognate","cerdo","cesta","tijeras","cesta.wav",,"l","spa_cerdo","spa_cesta","spa_tijeras",true,0.45,0.175,0.07866066361276136,0.060078074203489575,3.9625617388906473,3.941372439820709,"Household items","Animals",true,false
11,"Spanish","euro",1,"Unrelated","oreja","zanahoria","hormiga","zanahoria.wav",,"r","spa_oreja","spa_zanahoria","spa_hormiga",true,0.475,0.2,0.07895805848676878,0.0632455532033676,3.9190960451095567,4.253126300876463,"Food and drink","Body parts",false,false
12,"Spanish","euro",1,"Unrelated","mesa","cielo","pie","cielo.wav",,"l","spa_mesa","spa_cielo","spa_pie",true,0.425,0.275,0.07816249100431741,0.07060010623221469,5.0048934395107,4.418493694540372,"Outside","Household items",false,false
13,"Spanish","euro",1,"Cognate","galleta","grifo","mariposa","grifo.wav",1.19,"l","spa_galleta","spa_grifo","spa_mariposa",true,0.625,0.225,0.07654655446197431,0.06602556323122129,4.0114103064284645,2.941372439820709,"Household items","Food and drink",false,false
14,"Spanish","euro",1,"Non-cognate","gafas","gorrión","muñeca","gorrion.wav",1.26,"r","spa_gafas","spa_gorrion","spa_muneca",true,0.425,0.075,0.07816249100431741,0.04164582812239421,4.110164460134891,,"Animals","Clothes",false,true
15,"Spanish","euro",1,"Unrelated","tomate","gusano","martillo","gusano.wav",1.02,"l","spa_tomate","spa_gusano","spa_martillo",true,0.225,0.1,0.06602556323122129,0.047434164902525694,4.574840895400295,3.737252457164784,"Animals","Food and drink",false,true
16,"Spanish","euro",1,"Unrelated","zapato","guitarra","puerta","guitarra.wav",1.07,"l","spa_zapato","spa_guitarra","spa_puerta",true,0.6,0.15,0.07745966692414834,0.05645794895318108,4.611154055029246,3.9625617388906473,"Toys","Clothes",false,false
17,"Spanish","euro",1,"Cognate","moto","mariposa","grifo","mariposa.wav",1.07,"l","spa_moto","spa_mariposa","spa_grifo",true,0.5,0.3,0.07905694150420949,0.07245688373094719,4.572308558884901,4.046882624590683,"Animals","Vehicles",false,true
18,"Spanish","euro",1,"Non-cognate","manzana","muñeca","gorrión","muneca.wav",1.03,"r","spa_manzana","spa_muneca","spa_gorrion",true,0.15,0.3,0.05645794895318108,0.07245688373094719,4.3885304711629285,4.834856786039195,"Toys","Food and drink",false,false
19,"Spanish","euro",1,"Unrelated","vaso","moneda","pierna","moneda.wav",1.06,"r","spa_vaso","spa_moneda","spa_pierna",true,0.425,0.075,0.07816249100431741,0.04164582812239421,4.604130271502283,3.5945849535960526,"Household items","Household items",false,false
20,"Spanish","euro",1,"Unrelated","queso","martillo","gusano","martillo.wav",1.08,"l","spa_queso","spa_martillo","spa_gusano",true,0.3,0.05,0.07245688373094719,0.034460121880225555,4.303100275838302,4.138652997946329,"Household items","Food and drink",false,false
21,"Spanish","euro",1,"Cognate","oveja","osito","cuchara","osito.wav",0.85,"r","spa_oveja","spa_osito","spa_cuchara",true,0.35,0.375,0.07541551564499178,0.07654655446197431,4.577358551621542,4.429217559932145,"Toys","Animals",true,false
22,"Spanish","euro",1,"Non-cognate","ojo","hormiga","zanahoria","hormiga.wav",0.99,"r","spa_ojo","spa_hormiga","spa_zanahoria",true,0.5,0.25,0.07905694150420949,0.06846531968814576,4.7526122125739985,3.5945849535960526,"Animals","Body parts",false,true
23,"Spanish","euro",1,"Unrelated","pelota","ola","toro","ola.wav",0.92,"r","spa_pelota","spa_ola","spa_toro",true,0.525,0.175,0.07895805848676878,0.060078074203489575,5.063588318093536,3.8833804928430222,"Outside","Toys",false,false
24,"Spanish","euro",1,"Unrelated","tele","ombligo","ventana","ombligo.wav",1.02,"l","spa_tele","spa_ombligo","spa_ventana",true,0.45,0.425,0.07866066361276136,0.07816249100431741,4.396217299829219,4.584825116306896,"Body parts","Household items",false,false
25,"Spanish","euro",1,"Cognate","pez","pierna","moneda","pierna.wav",1.13,"r","spa_pez","spa_pierna","spa_moneda",true,0.325,0.425,0.07405656621799313,0.07816249100431741,4.587285714854553,4.312440302092446,"Body parts","Animals",true,false
26,"Spanish","euro",1,"Non-cognate","perro","pie","cielo","pie.wav",0.83,"l","spa_perro","spa_pie","spa_cielo",true,0.675,0.525,0.07405656621799311,0.07895805848676878,5.910205484711138,4.827863164993191,"Body parts","Animals",true,false
27,"Spanish","euro",1,"Unrelated","barco","plátano","calcetín","platano.wav",0.93,"r","spa_barco","spa_platano","spa_calcetin",true,0.15,0.55,0.05645794895318108,0.07866066361276136,5.212051275965415,4.372736203979696,"Food and drink","Vehicles",false,false
28,"Spanish","euro",1,"Unrelated","hoja","puerta","guitarra","puerta.wav",1.26,"l","spa_hoja","spa_puerta","spa_guitarra",true,0.375,0.475,0.07654655446197431,0.07895805848676878,4.368696226177956,5.1094277432798485,"Household items","Outside",false,false
29,"Spanish","euro",1,"Cognate","tren","tijeras","cesta","tijeras.wav",1.14,"l","spa_tren","spa_tijeras","spa_cesta",true,0.3,0.2,0.07245688373094719,0.0632455532033676,4.56202891964033,3.7195236902043525,"Household items","Vehicles",false,false
30,"Spanish","euro",1,"Non-cognate","tenedor","toro","ola","toro.wav",1,"r","spa_tenedor","spa_toro","spa_ola",true,0.4,0.075,0.07745966692414834,0.04164582812239421,3.844462426812653,4.403770437719665,"Animals","Household items",false,true
31,"Spanish","euro",1,"Unrelated","casa","tambor","cubo","tambor.wav",1.08,"l","spa_casa","spa_tambor","spa_cubo",true,0.55,0.3,0.07866066361276136,0.07245688373094719,5.732536564854044,4.629347059855265,"Toys","Outside",false,false
32,"Spanish","euro",1,"Unrelated","gato","tobogán","botón","tobogan.wav",1.01,"r","spa_gato","spa_tobogan","spa_boton",true,0.55,0.425,0.07866066361276136,0.07816249100431741,5.246185983214817,4.807659778904904,"Outside","Animals",true,false
1,"Spanish","euro",2,"Cognate","vaca","ventana","ombligo","ventana.wav",1.12,"r","spa_vaca","spa_ventana","spa_ombligo",true,0.6,0.35,0.07745966692414834,0.07541551564499178,5.054479806341204,5.043462965332546,"Outside","Animals",true,false
2,"Spanish","euro",2,"Non-cognate","botella","boca","caja","boca.wav",1.23,"l","spa_botella","spa_boca","spa_caja",true,0.375,0.525,0.07654655446197431,0.07895805848676878,4.29835384081384,4.726702274831476,"Body parts","Household items",false,false
3,"Spanish","euro",2,"Unrelated","globo","bici","cepillo","bici.wav",,"r","spa_globo","spa_bici","spa_cepillo",true,0.325,0.475,0.07405656621799313,0.07895805848676878,4.80913446447091,4.1027404420556834,"Vehicles","Toys",false,false
4,"Spanish","euro",2,"Unrelated","mono","botón","tobogán","boton.wav",1.39,"l","spa_mono","spa_boton","spa_tobogan",true,0.375,0.3,0.07654655446197431,0.07245688373094719,4.521156036437519,4.178161539230002,"Clothes","Animals",true,false
5,"Spanish","euro",2,"Cognate","coche","calcetín","plátano","calcetin.wav",,"l","spa_coche","spa_calcetin","spa_platano",true,0.575,0.375,0.07816249100431741,0.07654655446197431,5.337135529238472,3.4854404841709847,"Clothes","Vehicles",false,false
6,"Spanish","euro",2,"Non-cognate","cama","caja","boca","caja.wav",0.98,"l","spa_cama","spa_caja","spa_boca",true,0.45,0.3,0.07866066361276136,0.07245688373094719,5.217834243993953,4.7658237098573215,"Toys","Household items",false,false
7,"Spanish","euro",2,"Unrelated","zumo","cuchara","osito","cuchara.wav",0.87,"l","spa_zumo","spa_cuchara","spa_osito",true,0.275,0.45,0.07060010623221469,0.07866066361276136,3.418493694540371,4.24240243548469,"Household items","Food and drink",false,false
8,"Spanish","euro",2,"Unrelated","pato","cubo","tambor","cubo.wav",1.01,"r","spa_pato","spa_cubo","spa_tambor",true,0.425,0.3,0.07816249100431741,0.07245688373094719,4.80913446447091,4.002070280174321,"Household items","Animals",true,false
9,"Spanish","euro",2,"Cognate","cebra","cielo","pie","cielo.wav",,"r","spa_cebra","spa_cielo","spa_pie",true,0.225,0.275,0.06602556323122129,0.07060010623221469,3.515403707548428,4.418493694540372,"Outside","Animals",true,false
10,"Spanish","euro",2,"Non-cognate","cerdo","cepillo","bici","cepillo.wav",,"r","spa_cerdo","spa_cepillo","spa_bici",true,0.45,0.325,0.07866066361276136,0.07405656621799313,3.9625617388906473,3.9925249622680905,"Household items","Animals",true,false
11,"Spanish","euro",2,"Unrelated","oreja","cesta","tijeras","cesta.wav",,"r","spa_oreja","spa_cesta","spa_tijeras",true,0.475,0.175,0.07895805848676878,0.060078074203489575,3.9190960451095567,3.941372439820709,"Household items","Body parts",false,false
12,"Spanish","euro",2,"Unrelated","mesa","zanahoria","hormiga","zanahoria.wav",,"l","spa_mesa","spa_zanahoria","spa_hormiga",true,0.425,0.2,0.07816249100431741,0.0632455532033676,5.0048934395107,4.253126300876463,"Food and drink","Household items",false,false
13,"Spanish","euro",2,"Cognate","galleta","guitarra","puerta","guitarra.wav",1.07,"r","spa_galleta","spa_guitarra","spa_puerta",true,0.625,0.15,0.07654655446197431,0.05645794895318108,4.0114103064284645,3.9625617388906473,"Toys","Food and drink",false,false
14,"Spanish","euro",2,"Non-cognate","gafas","grifo","mariposa","grifo.wav",1.19,"r","spa_gafas","spa_grifo","spa_mariposa",true,0.425,0.225,0.07816249100431741,0.06602556323122129,4.110164460134891,2.941372439820709,"Household items","Clothes",false,false
15,"Spanish","euro",2,"Unrelated","tomate","gorrión","muñeca","gorrion.wav",1.26,"l","spa_tomate","spa_gorrion","spa_muneca",true,0.225,0.075,0.06602556323122129,0.04164582812239421,4.574840895400295,,"Animals","Food and drink",false,true
16,"Spanish","euro",2,"Unrelated","zapato","gusano","martillo","gusano.wav",1.02,"r","spa_zapato","spa_gusano","spa_martillo",true,0.6,0.1,0.07745966692414834,0.047434164902525694,4.611154055029246,3.737252457164784,"Animals","Clothes",false,true
17,"Spanish","euro",2,"Cognate","moto","martillo","gusano","martillo.wav",1.08,"r","spa_moto","spa_martillo","spa_gusano",true,0.5,0.05,0.07905694150420949,0.034460121880225555,4.572308558884901,4.138652997946329,"Household items","Vehicles",false,false
18,"Spanish","euro",2,"Non-cognate","manzana","mariposa","grifo","mariposa.wav",1.07,"r","spa_manzana","spa_mariposa","spa_grifo",true,0.15,0.3,0.05645794895318108,0.07245688373094719,4.3885304711629285,4.046882624590683,"Animals","Food and drink",false,true
19,"Spanish","euro",2,"Unrelated","vaso","muñeca","gorrión","muneca.wav",1.03,"l","spa_vaso","spa_muneca","spa_gorrion",true,0.425,0.3,0.07816249100431741,0.07245688373094719,4.604130271502283,4.834856786039195,"Toys","Household items",false,false
20,"Spanish","euro",2,"Unrelated","queso","moneda","pierna","moneda.wav",1.06,"l","spa_queso","spa_moneda","spa_pierna",true,0.3,0.075,0.07245688373094719,0.04164582812239421,4.303100275838302,3.5945849535960526,"Household items","Food and drink",false,false
21,"Spanish","euro",2,"Cognate","oveja","ombligo","ventana","ombligo.wav",1.02,"r","spa_oveja","spa_ombligo","spa_ventana",true,0.35,0.425,0.07541551564499178,0.07816249100431741,4.577358551621542,4.584825116306896,"Body parts","Animals",true,false
22,"Spanish","euro",2,"Non-cognate","ojo","osito","cuchara","osito.wav",0.85,"l","spa_ojo","spa_osito","spa_cuchara",true,0.5,0.375,0.07905694150420949,0.07654655446197431,4.7526122125739985,4.429217559932145,"Toys","Body parts",false,false
23,"Spanish","euro",2,"Unrelated","pelota","hormiga","zanahoria","hormiga.wav",0.99,"l","spa_pelota","spa_hormiga","spa_zanahoria",true,0.525,0.25,0.07895805848676878,0.06846531968814576,5.063588318093536,3.5945849535960526,"Animals","Toys",false,true
24,"Spanish","euro",2,"Unrelated","tele","ola","toro","ola.wav",0.92,"l","spa_tele","spa_ola","spa_toro",true,0.45,0.175,0.07866066361276136,0.060078074203489575,4.396217299829219,3.8833804928430222,"Outside","Household items",false,false
25,"Spanish","euro",2,"Cognate","pez","puerta","guitarra","puerta.wav",1.26,"r","spa_pez","spa_puerta","spa_guitarra",true,0.325,0.475,0.07405656621799313,0.07895805848676878,4.587285714854553,5.1094277432798485,"Household items","Animals",true,false
26,"Spanish","euro",2,"Non-cognate","perro","pierna","moneda","pierna.wav",1.13,"l","spa_perro","spa_pierna","spa_moneda",true,0.675,0.425,0.07405656621799311,0.07816249100431741,5.910205484711138,4.312440302092446,"Body parts","Animals",true,false
27,"Spanish","euro",2,"Unrelated","barco","pie","cielo","pie.wav",0.83,"r","spa_barco","spa_pie","spa_cielo",true,0.15,0.525,0.05645794895318108,0.07895805848676878,5.212051275965415,4.827863164993191,"Body parts","Vehicles",false,false
28,"Spanish","euro",2,"Unrelated","hoja","plátano","calcetín","platano.wav",0.93,"l","spa_hoja","spa_platano","spa_calcetin",true,0.375,0.55,0.07654655446197431,0.07866066361276136,4.368696226177956,4.372736203979696,"Food and drink","Outside",false,false
29,"Spanish","euro",2,"Cognate","tren","tobogán","botón","tobogan.wav",1.01,"l","spa_tren","spa_tobogan","spa_boton",true,0.3,0.425,0.07245688373094719,0.07816249100431741,4.56202891964033,4.807659778904904,"Outside","Vehicles",false,false
30,"Spanish","euro",2,"Non-cognate","tenedor","tijeras","cesta","tijeras.wav",1.14,"r","spa_tenedor","spa_tijeras","spa_cesta",true,0.4,0.2,0.07745966692414834,0.0632455532033676,3.844462426812653,3.7195236902043525,"Household items","Household items",false,false
31,"Spanish","euro",2,"Unrelated","casa","toro","ola","toro.wav",1,"l","spa_casa","spa_toro","spa_ola",true,0.55,0.075,0.07866066361276136,0.04164582812239421,5.732536564854044,4.403770437719665,"Animals","Outside",false,true
32,"Spanish","euro",2,"Unrelated","gato","tambor","cubo","tambor.wav",1.08,"r","spa_gato","spa_tambor","spa_cubo",true,0.55,0.3,0.07866066361276136,0.07245688373094719,5.246185983214817,4.629347059855265,"Toys","Animals",true,false
1,"Spanish","euro",3,"Cognate","vaca","botón","tobogán","boton.wav",1.39,"r","spa_vaca","spa_boton","spa_tobogan",true,0.6,0.3,0.07745966692414834,0.07245688373094719,5.054479806341204,4.178161539230002,"Clothes","Animals",true,false
2,"Spanish","euro",3,"Non-cognate","botella","ventana","ombligo","ventana.wav",1.12,"l","spa_botella","spa_ventana","spa_ombligo",true,0.375,0.35,0.07654655446197431,0.07541551564499178,4.29835384081384,5.043462965332546,"Outside","Household items",false,false
3,"Spanish","euro",3,"Unrelated","globo","boca","caja","boca.wav",1.23,"r","spa_globo","spa_boca","spa_caja",true,0.325,0.525,0.07405656621799313,0.07895805848676878,4.80913446447091,4.726702274831476,"Body parts","Toys",false,false
4,"Spanish","euro",3,"Unrelated","mono","bici","cepillo","bici.wav",,"l","spa_mono","spa_bici","spa_cepillo",true,0.375,0.475,0.07654655446197431,0.07895805848676878,4.521156036437519,4.1027404420556834,"Vehicles","Animals",true,false
5,"Spanish","euro",3,"Cognate","coche","cubo","tambor","cubo.wav",1.01,"l","spa_coche","spa_cubo","spa_tambor",true,0.575,0.3,0.07816249100431741,0.07245688373094719,5.337135529238472,4.002070280174321,"Household items","Vehicles",false,false
6,"Spanish","euro",3,"Non-cognate","cama","calcetín","plátano","calcetin.wav",,"r","spa_cama","spa_calcetin","spa_platano",true,0.45,0.375,0.07866066361276136,0.07654655446197431,5.217834243993953,3.4854404841709847,"Clothes","Household items",false,false
7,"Spanish","euro",3,"Unrelated","zumo","caja","boca","caja.wav",0.98,"r","spa_zumo","spa_caja","spa_boca",true,0.275,0.3,0.07060010623221469,0.07245688373094719,3.418493694540371,4.7658237098573215,"Toys","Food and drink",false,false
8,"Spanish","euro",3,"Unrelated","pato","cuchara","osito","cuchara.wav",0.87,"r","spa_pato","spa_cuchara","spa_osito",true,0.425,0.45,0.07816249100431741,0.07866066361276136,4.80913446447091,4.24240243548469,"Household items","Animals",true,false
9,"Spanish","euro",3,"Cognate","cebra","zanahoria","hormiga","zanahoria.wav",,"r","spa_cebra","spa_zanahoria","spa_hormiga",true,0.225,0.2,0.06602556323122129,0.0632455532033676,3.515403707548428,4.253126300876463,"Food and drink","Animals",true,false
10,"Spanish","euro",3,"Non-cognate","cerdo","cielo","pie","cielo.wav",,"l","spa_cerdo","spa_cielo","spa_pie",true,0.45,0.275,0.07866066361276136,0.07060010623221469,3.9625617388906473,4.418493694540372,"Outside","Animals",true,false
11,"Spanish","euro",3,"Unrelated","oreja","cepillo","bici","cepillo.wav",,"l","spa_oreja","spa_cepillo","spa_bici",true,0.475,0.325,0.07895805848676878,0.07405656621799313,3.9190960451095567,3.9925249622680905,"Household items","Body parts",false,false
12,"Spanish","euro",3,"Unrelated","mesa","cesta","tijeras","cesta.wav",,"l","spa_mesa","spa_cesta","spa_tijeras",true,0.425,0.175,0.07816249100431741,0.060078074203489575,5.0048934395107,3.941372439820709,"Household items","Household items",false,false
13,"Spanish","euro",3,"Cognate","galleta","gusano","martillo","gusano.wav",1.02,"l","spa_galleta","spa_gusano","spa_martillo",true,0.625,0.1,0.07654655446197431,0.047434164902525694,4.0114103064284645,3.737252457164784,"Animals","Food and drink",false,true
14,"Spanish","euro",3,"Non-cognate","gafas","guitarra","puerta","guitarra.wav",1.07,"l","spa_gafas","spa_guitarra","spa_puerta",true,0.425,0.15,0.07816249100431741,0.05645794895318108,4.110164460134891,3.9625617388906473,"Toys","Clothes",false,false
15,"Spanish","euro",3,"Unrelated","tomate","grifo","mariposa","grifo.wav",1.19,"l","spa_tomate","spa_grifo","spa_mariposa",true,0.225,0.225,0.06602556323122129,0.06602556323122129,4.574840895400295,2.941372439820709,"Household items","Food and drink",false,false
16,"Spanish","euro",3,"Unrelated","zapato","gorrión","muñeca","gorrion.wav",1.26,"r","spa_zapato","spa_gorrion","spa_muneca",true,0.6,0.075,0.07745966692414834,0.04164582812239421,4.611154055029246,,"Animals","Clothes",false,true
17,"Spanish","euro",3,"Cognate","moto","moneda","pierna","moneda.wav",1.06,"r","spa_moto","spa_moneda","spa_pierna",true,0.5,0.075,0.07905694150420949,0.04164582812239421,4.572308558884901,3.5945849535960526,"Household items","Vehicles",false,false
18,"Spanish","euro",3,"Non-cognate","manzana","martillo","gusano","martillo.wav",1.08,"l","spa_manzana","spa_martillo","spa_gusano",true,0.15,0.05,0.05645794895318108,0.034460121880225555,4.3885304711629285,4.138652997946329,"Household items","Food and drink",false,false
19,"Spanish","euro",3,"Unrelated","vaso","mariposa","grifo","mariposa.wav",1.07,"l","spa_vaso","spa_mariposa","spa_grifo",true,0.425,0.3,0.07816249100431741,0.07245688373094719,4.604130271502283,4.046882624590683,"Animals","Household items",false,true
20,"Spanish","euro",3,"Unrelated","queso","muñeca","gorrión","muneca.wav",1.03,"r","spa_queso","spa_muneca","spa_gorrion",true,0.3,0.3,0.07245688373094719,0.07245688373094719,4.303100275838302,4.834856786039195,"Toys","Food and drink",false,false
21,"Spanish","euro",3,"Cognate","oveja","ola","toro","ola.wav",0.92,"r","spa_oveja","spa_ola","spa_toro",true,0.35,0.175,0.07541551564499178,0.060078074203489575,4.577358551621542,3.8833804928430222,"Outside","Animals",true,false
22,"Spanish","euro",3,"Non-cognate","ojo","ombligo","ventana","ombligo.wav",1.02,"l","spa_ojo","spa_ombligo","spa_ventana",true,0.5,0.425,0.07905694150420949,0.07816249100431741,4.7526122125739985,4.584825116306896,"Body parts","Body parts",false,false
23,"Spanish","euro",3,"Unrelated","pelota","osito","cuchara","osito.wav",0.85,"r","spa_pelota","spa_osito","spa_cuchara",true,0.525,0.375,0.07895805848676878,0.07654655446197431,5.063588318093536,4.429217559932145,"Toys","Toys",false,false
24,"Spanish","euro",3,"Unrelated","tele","hormiga","zanahoria","hormiga.wav",0.99,"r","spa_tele","spa_hormiga","spa_zanahoria",true,0.45,0.25,0.07866066361276136,0.06846531968814576,4.396217299829219,3.5945849535960526,"Animals","Household items",false,true
25,"Spanish","euro",3,"Cognate","pez","plátano","calcetín","platano.wav",0.93,"r","spa_pez","spa_platano","spa_calcetin",true,0.325,0.55,0.07405656621799313,0.07866066361276136,4.587285714854553,4.372736203979696,"Food and drink","Animals",true,false
26,"Spanish","euro",3,"Non-cognate","perro","puerta","guitarra","puerta.wav",1.26,"l","spa_perro","spa_puerta","spa_guitarra",true,0.675,0.475,0.07405656621799311,0.07895805848676878,5.910205484711138,5.1094277432798485,"Household items","Animals",true,false
27,"Spanish","euro",3,"Unrelated","barco","pierna","moneda","pierna.wav",1.13,"r","spa_barco","spa_pierna","spa_moneda",true,0.15,0.425,0.05645794895318108,0.07816249100431741,5.212051275965415,4.312440302092446,"Body parts","Vehicles",false,false
28,"Spanish","euro",3,"Unrelated","hoja","pie","cielo","pie.wav",0.83,"l","spa_hoja","spa_pie","spa_cielo",true,0.375,0.525,0.07654655446197431,0.07895805848676878,4.368696226177956,4.827863164993191,"Body parts","Outside",false,false
29,"Spanish","euro",3,"Cognate","tren","tambor","cubo","tambor.wav",1.08,"l","spa_tren","spa_tambor","spa_cubo",true,0.3,0.3,0.07245688373094719,0.07245688373094719,4.56202891964033,4.629347059855265,"Toys","Vehicles",false,false
30,"Spanish","euro",3,"Non-cognate","tenedor","tobogán","botón","tobogan.wav",1.01,"r","spa_tenedor","spa_tobogan","spa_boton",true,0.4,0.425,0.07745966692414834,0.07816249100431741,3.844462426812653,4.807659778904904,"Outside","Household items",false,false
31,"Spanish","euro",3,"Unrelated","casa","tijeras","cesta","tijeras.wav",1.14,"l","spa_casa","spa_tijeras","spa_cesta",true,0.55,0.2,0.07866066361276136,0.0632455532033676,5.732536564854044,3.7195236902043525,"Household items","Outside",false,false
32,"Spanish","euro",3,"Unrelated","gato","toro","ola","toro.wav",1,"r","spa_gato","spa_toro","spa_ola",true,0.55,0.075,0.07866066361276136,0.04164582812239421,5.246185983214817,4.403770437719665,"Animals","Animals",true,true
1,"Spanish","latin",1,"Cognate","vaca","boca","caja","boca.wav",1.23,"r","spa_vaca","spa_boca","spa_caja",true,0.6,0.525,0.07745966692414834,0.07895805848676878,5.054479806341204,4.726702274831476,"Body parts","Animals",true,false
2,"Spanish","latin",1,"Non-cognate","botella","bici","cepillo","bici-latin.wav",1.03,"l","spa_botella","spa_bici","spa_cepillo",true,0.375,0.475,0.07654655446197431,0.07895805848676878,4.29835384081384,4.1027404420556834,"Vehicles","Household items",false,false
3,"Spanish","latin",1,"Unrelated","globo","botón","tobogán","boton.wav",1.39,"r","spa_globo","spa_boton","spa_tobogan",true,0.325,0.3,0.07405656621799313,0.07245688373094719,4.80913446447091,4.178161539230002,"Clothes","Toys",false,false
4,"Spanish","latin",1,"Unrelated","mono","ventana","ombligo","ventana.wav",1.12,"l","spa_mono","spa_ventana","spa_ombligo",true,0.375,0.35,0.07654655446197431,0.07541551564499178,4.521156036437519,5.043462965332546,"Outside","Animals",true,false
5,"Spanish","latin",1,"Cognate","coche","caja","boca","caja.wav",0.98,"r","spa_coche","spa_caja","spa_boca",true,0.575,0.3,0.07816249100431741,0.07245688373094719,5.337135529238472,4.7658237098573215,"Toys","Vehicles",false,false
6,"Spanish","latin",1,"Non-cognate","cama","cuchara","osito","cuchara.wav",0.87,"r","spa_cama","spa_cuchara","spa_osito",true,0.45,0.45,0.07866066361276136,0.07866066361276136,5.217834243993953,4.24240243548469,"Household items","Household items",false,false
7,"Spanish","latin",1,"Unrelated","zumo","cubo","tambor","cubo.wav",1.01,"l","spa_zumo","spa_cubo","spa_tambor",true,0.275,0.3,0.07060010623221469,0.07245688373094719,3.418493694540371,4.002070280174321,"Household items","Food and drink",false,false
8,"Spanish","latin",1,"Unrelated","pato","calcetín","plátano","calcetin-latin.wav",1.2,"r","spa_pato","spa_calcetin","spa_platano",true,0.425,0.375,0.07816249100431741,0.07654655446197431,4.80913446447091,3.4854404841709847,"Clothes","Animals",true,false
9,"Spanish","latin",1,"Cognate","cebra","cepillo","bici","cepillo-latin.wav",1.31,"l","spa_cebra","spa_cepillo","spa_bici",true,0.225,0.325,0.06602556323122129,0.07405656621799313,3.515403707548428,3.9925249622680905,"Household items","Animals",true,false
10,"Spanish","latin",1,"Non-cognate","cerdo","cesta","tijeras","cesta-latin.wav",1.22,"l","spa_cerdo","spa_cesta","spa_tijeras",true,0.45,0.175,0.07866066361276136,0.060078074203489575,3.9625617388906473,3.941372439820709,"Household items","Animals",true,false
11,"Spanish","latin",1,"Unrelated","oreja","zanahoria","hormiga","zanahoria-latin.wav",1.23,"r","spa_oreja","spa_zanahoria","spa_hormiga",true,0.475,0.2,0.07895805848676878,0.0632455532033676,3.9190960451095567,4.253126300876463,"Food and drink","Body parts",false,false
12,"Spanish","latin",1,"Unrelated","mesa","cielo","pie","cielo-latin.wav",1.21,"l","spa_mesa","spa_cielo","spa_pie",true,0.425,0.275,0.07816249100431741,0.07060010623221469,5.0048934395107,4.418493694540372,"Outside","Household items",false,false
13,"Spanish","latin",1,"Cognate","galleta","grifo","mariposa","grifo.wav",1.19,"l","spa_galleta","spa_grifo","spa_mariposa",true,0.625,0.225,0.07654655446197431,0.06602556323122129,4.0114103064284645,2.941372439820709,"Household items","Food and drink",false,false
14,"Spanish","latin",1,"Non-cognate","gafas","gorrión","muñeca","gorrion.wav",1.26,"r","spa_gafas","spa_gorrion","spa_muneca",true,0.425,0.075,0.07816249100431741,0.04164582812239421,4.110164460134891,,"Animals","Clothes",false,true
15,"Spanish","latin",1,"Unrelated","tomate","gusano","martillo","gusano.wav",1.02,"l","spa_tomate","spa_gusano","spa_martillo",true,0.225,0.1,0.06602556323122129,0.047434164902525694,4.574840895400295,3.737252457164784,"Animals","Food and drink",false,true
16,"Spanish","latin",1,"Unrelated","zapato","guitarra","puerta","guitarra.wav",1.07,"l","spa_zapato","spa_guitarra","spa_puerta",true,0.6,0.15,0.07745966692414834,0.05645794895318108,4.611154055029246,3.9625617388906473,"Toys","Clothes",false,false
17,"Spanish","latin",1,"Cognate","moto","mariposa","grifo","mariposa.wav",1.07,"l","spa_moto","spa_mariposa","spa_grifo",true,0.5,0.3,0.07905694150420949,0.07245688373094719,4.572308558884901,4.046882624590683,"Animals","Vehicles",false,true
18,"Spanish","latin",1,"Non-cognate","manzana","muñeca","gorrión","muneca.wav",1.03,"r","spa_manzana","spa_muneca","spa_gorrion",true,0.15,0.3,0.05645794895318108,0.07245688373094719,4.3885304711629285,4.834856786039195,"Toys","Food and drink",false,false
19,"Spanish","latin",1,"Unrelated","vaso","moneda","pierna","moneda.wav",1.06,"r","spa_vaso","spa_moneda","spa_pierna",true,0.425,0.075,0.07816249100431741,0.04164582812239421,4.604130271502283,3.5945849535960526,"Household items","Household items",false,false
20,"Spanish","latin",1,"Unrelated","queso","martillo","gusano","martillo.wav",1.08,"l","spa_queso","spa_martillo","spa_gusano",true,0.3,0.05,0.07245688373094719,0.034460121880225555,4.303100275838302,4.138652997946329,"Household items","Food and drink",false,false
21,"Spanish","latin",1,"Cognate","oveja","osito","cuchara","osito.wav",0.85,"r","spa_oveja","spa_osito","spa_cuchara",true,0.35,0.375,0.07541551564499178,0.07654655446197431,4.577358551621542,4.429217559932145,"Toys","Animals",true,false
22,"Spanish","latin",1,"Non-cognate","ojo","hormiga","zanahoria","hormiga.wav",0.99,"r","spa_ojo","spa_hormiga","spa_zanahoria",true,0.5,0.25,0.07905694150420949,0.06846531968814576,4.7526122125739985,3.5945849535960526,"Animals","Body parts",false,true
23,"Spanish","latin",1,"Unrelated","pelota","ola","toro","ola.wav",0.92,"r","spa_pelota","spa_ola","spa_toro",true,0.525,0.175,0.07895805848676878,0.060078074203489575,5.063588318093536,3.8833804928430222,"Outside","Toys",false,false
24,"Spanish","latin",1,"Unrelated","tele","ombligo","ventana","ombligo.wav",1.02,"l","spa_tele","spa_ombligo","spa_ventana",true,0.45,0.425,0.07866066361276136,0.07816249100431741,4.396217299829219,4.584825116306896,"Body parts","Household items",false,false
25,"Spanish","latin",1,"Cognate","pez","pierna","moneda","pierna.wav",1.13,"r","spa_pez","spa_pierna","spa_moneda",true,0.325,0.425,0.07405656621799313,0.07816249100431741,4.587285714854553,4.312440302092446,"Body parts","Animals",true,false
26,"Spanish","latin",1,"Non-cognate","perro","pie","cielo","pie.wav",0.83,"l","spa_perro","spa_pie","spa_cielo",true,0.675,0.525,0.07405656621799311,0.07895805848676878,5.910205484711138,4.827863164993191,"Body parts","Animals",true,false
27,"Spanish","latin",1,"Unrelated","barco","plátano","calcetín","platano.wav",0.93,"r","spa_barco","spa_platano","spa_calcetin",true,0.15,0.55,0.05645794895318108,0.07866066361276136,5.212051275965415,4.372736203979696,"Food and drink","Vehicles",false,false
28,"Spanish","latin",1,"Unrelated","hoja","puerta","guitarra","puerta.wav",1.26,"l","spa_hoja","spa_puerta","spa_guitarra",true,0.375,0.475,0.07654655446197431,0.07895805848676878,4.368696226177956,5.1094277432798485,"Household items","Outside",false,false
29,"Spanish","latin",1,"Cognate","tren","tijeras","cesta","tijeras.wav",1.14,"l","spa_tren","spa_tijeras","spa_cesta",true,0.3,0.2,0.07245688373094719,0.0632455532033676,4.56202891964033,3.7195236902043525,"Household items","Vehicles",false,false
30,"Spanish","latin",1,"Non-cognate","tenedor","toro","ola","toro.wav",1,"r","spa_tenedor","spa_toro","spa_ola",true,0.4,0.075,0.07745966692414834,0.04164582812239421,3.844462426812653,4.403770437719665,"Animals","Household items",false,true
31,"Spanish","latin",1,"Unrelated","casa","tambor","cubo","tambor.wav",1.08,"l","spa_casa","spa_tambor","spa_cubo",true,0.55,0.3,0.07866066361276136,0.07245688373094719,5.732536564854044,4.629347059855265,"Toys","Outside",false,false
32,"Spanish","latin",1,"Unrelated","gato","tobogán","botón","tobogan.wav",1.01,"r","spa_gato","spa_tobogan","spa_boton",true,0.55,0.425,0.07866066361276136,0.07816249100431741,5.246185983214817,4.807659778904904,"Outside","Animals",true,false
1,"Spanish","latin",2,"Cognate","vaca","ventana","ombligo","ventana.wav",1.12,"r","spa_vaca","spa_ventana","spa_ombligo",true,0.6,0.35,0.07745966692414834,0.07541551564499178,5.054479806341204,5.043462965332546,"Outside","Animals",true,false
2,"Spanish","latin",2,"Non-cognate","botella","boca","caja","boca.wav",1.23,"l","spa_botella","spa_boca","spa_caja",true,0.375,0.525,0.07654655446197431,0.07895805848676878,4.29835384081384,4.726702274831476,"Body parts","Household items",false,false
3,"Spanish","latin",2,"Unrelated","globo","bici","cepillo","bici-latin.wav",1.03,"r","spa_globo","spa_bici","spa_cepillo",true,0.325,0.475,0.07405656621799313,0.07895805848676878,4.80913446447091,4.1027404420556834,"Vehicles","Toys",false,false
4,"Spanish","latin",2,"Unrelated","mono","botón","tobogán","boton.wav",1.39,"l","spa_mono","spa_boton","spa_tobogan",true,0.375,0.3,0.07654655446197431,0.07245688373094719,4.521156036437519,4.178161539230002,"Clothes","Animals",true,false
5,"Spanish","latin",2,"Cognate","coche","calcetín","plátano","calcetin-latin.wav",1.2,"l","spa_coche","spa_calcetin","spa_platano",true,0.575,0.375,0.07816249100431741,0.07654655446197431,5.337135529238472,3.4854404841709847,"Clothes","Vehicles",false,false
6,"Spanish","latin",2,"Non-cognate","cama","caja","boca","caja.wav",0.98,"l","spa_cama","spa_caja","spa_boca",true,0.45,0.3,0.07866066361276136,0.07245688373094719,5.217834243993953,4.7658237098573215,"Toys","Household items",false,false
7,"Spanish","latin",2,"Unrelated","zumo","cuchara","osito","cuchara.wav",0.87,"l","spa_zumo","spa_cuchara","spa_osito",true,0.275,0.45,0.07060010623221469,0.07866066361276136,3.418493694540371,4.24240243548469,"Household items","Food and drink",false,false
8,"Spanish","latin",2,"Unrelated","pato","cubo","tambor","cubo.wav",1.01,"r","spa_pato","spa_cubo","spa_tambor",true,0.425,0.3,0.07816249100431741,0.07245688373094719,4.80913446447091,4.002070280174321,"Household items","Animals",true,false
9,"Spanish","latin",2,"Cognate","cebra","cielo","pie","cielo-latin.wav",1.21,"r","spa_cebra","spa_cielo","spa_pie",true,0.225,0.275,0.06602556323122129,0.07060010623221469,3.515403707548428,4.418493694540372,"Outside","Animals",true,false
10,"Spanish","latin",2,"Non-cognate","cerdo","cepillo","bici","cepillo-latin.wav",1.31,"r","spa_cerdo","spa_cepillo","spa_bici",true,0.45,0.325,0.07866066361276136,0.07405656621799313,3.9625617388906473,3.9925249622680905,"Household items","Animals",true,false
11,"Spanish","latin",2,"Unrelated","oreja","cesta","tijeras","cesta-latin.wav",1.22,"r","spa_oreja","spa_cesta","spa_tijeras",true,0.475,0.175,0.07895805848676878,0.060078074203489575,3.9190960451095567,3.941372439820709,"Household items","Body parts",false,false
12,"Spanish","latin",2,"Unrelated","mesa","zanahoria","hormiga","zanahoria-latin.wav",1.23,"l","spa_mesa","spa_zanahoria","spa_hormiga",true,0.425,0.2,0.07816249100431741,0.0632455532033676,5.0048934395107,4.253126300876463,"Food and drink","Household items",false,false
13,"Spanish","latin",2,"Cognate","galleta","guitarra","puerta","guitarra.wav",1.07,"r","spa_galleta","spa_guitarra","spa_puerta",true,0.625,0.15,0.07654655446197431,0.05645794895318108,4.0114103064284645,3.9625617388906473,"Toys","Food and drink",false,false
14,"Spanish","latin",2,"Non-cognate","gafas","grifo","mariposa","grifo.wav",1.19,"r","spa_gafas","spa_grifo","spa_mariposa",true,0.425,0.225,0.07816249100431741,0.06602556323122129,4.110164460134891,2.941372439820709,"Household items","Clothes",false,false
15,"Spanish","latin",2,"Unrelated","tomate","gorrión","muñeca","gorrion.wav",1.26,"l","spa_tomate","spa_gorrion","spa_muneca",true,0.225,0.075,0.06602556323122129,0.04164582812239421,4.574840895400295,,"Animals","Food and drink",false,true
16,"Spanish","latin",2,"Unrelated","zapato","gusano","martillo","gusano.wav",1.02,"r","spa_zapato","spa_gusano","spa_martillo",true,0.6,0.1,0.07745966692414834,0.047434164902525694,4.611154055029246,3.737252457164784,"Animals","Clothes",false,true
17,"Spanish","latin",2,"Cognate","moto","martillo","gusano","martillo.wav",1.08,"r","spa_moto","spa_martillo","spa_gusano",true,0.5,0.05,0.07905694150420949,0.034460121880225555,4.572308558884901,4.138652997946329,"Household items","Vehicles",false,false
18,"Spanish","latin",2,"Non-cognate","manzana","mariposa","grifo","mariposa.wav",1.07,"r","spa_manzana","spa_mariposa","spa_grifo",true,0.15,0.3,0.05645794895318108,0.07245688373094719,4.3885304711629285,4.046882624590683,"Animals","Food and drink",false,true
19,"Spanish","latin",2,"Unrelated","vaso","muñeca","gorrión","muneca.wav",1.03,"l","spa_vaso","spa_muneca","spa_gorrion",true,0.425,0.3,0.07816249100431741,0.07245688373094719,4.604130271502283,4.834856786039195,"Toys","Household items",false,false
20,"Spanish","latin",2,"Unrelated","queso","moneda","pierna","moneda.wav",1.06,"l","spa_queso","spa_moneda","spa_pierna",true,0.3,0.075,0.07245688373094719,0.04164582812239421,4.303100275838302,3.5945849535960526,"Household items","Food and drink",false,false
21,"Spanish","latin",2,"Cognate","oveja","ombligo","ventana","ombligo.wav",1.02,"r","spa_oveja","spa_ombligo","spa_ventana",true,0.35,0.425,0.07541551564499178,0.07816249100431741,4.577358551621542,4.584825116306896,"Body parts","Animals",true,false
22,"Spanish","latin",2,"Non-cognate","ojo","osito","cuchara","osito.wav",0.85,"l","spa_ojo","spa_osito","spa_cuchara",true,0.5,0.375,0.07905694150420949,0.07654655446197431,4.7526122125739985,4.429217559932145,"Toys","Body parts",false,false
23,"Spanish","latin",2,"Unrelated","pelota","hormiga","zanahoria","hormiga.wav",0.99,"l","spa_pelota","spa_hormiga","spa_zanahoria",true,0.525,0.25,0.07895805848676878,0.06846531968814576,5.063588318093536,3.5945849535960526,"Animals","Toys",false,true
24,"Spanish","latin",2,"Unrelated","tele","ola","toro","ola.wav",0.92,"l","spa_tele","spa_ola","spa_toro",true,0.45,0.175,0.07866066361276136,0.060078074203489575,4.396217299829219,3.8833804928430222,"Outside","Household items",false,false
25,"Spanish","latin",2,"Cognate","pez","puerta","guitarra","puerta.wav",1.26,"r","spa_pez","spa_puerta","spa_guitarra",true,0.325,0.475,0.07405656621799313,0.07895805848676878,4.587285714854553,5.1094277432798485,"Household items","Animals",true,false
26,"Spanish","latin",2,"Non-cognate","perro","pierna","moneda","pierna.wav",1.13,"l","spa_perro","spa_pierna","spa_moneda",true,0.675,0.425,0.07405656621799311,0.07816249100431741,5.910205484711138,4.312440302092446,"Body parts","Animals",true,false
27,"Spanish","latin",2,"Unrelated","barco","pie","cielo","pie.wav",0.83,"r","spa_barco","spa_pie","spa_cielo",true,0.15,0.525,0.05645794895318108,0.07895805848676878,5.212051275965415,4.827863164993191,"Body parts","Vehicles",false,false
28,"Spanish","latin",2,"Unrelated","hoja","plátano","calcetín","platano.wav",0.93,"l","spa_hoja","spa_platano","spa_calcetin",true,0.375,0.55,0.07654655446197431,0.07866066361276136,4.368696226177956,4.372736203979696,"Food and drink","Outside",false,false
29,"Spanish","latin",2,"Cognate","tren","tobogán","botón","tobogan.wav",1.01,"l","spa_tren","spa_tobogan","spa_boton",true,0.3,0.425,0.07245688373094719,0.07816249100431741,4.56202891964033,4.807659778904904,"Outside","Vehicles",false,false
30,"Spanish","latin",2,"Non-cognate","tenedor","tijeras","cesta","tijeras.wav",1.14,"r","spa_tenedor","spa_tijeras","spa_cesta",true,0.4,0.2,0.07745966692414834,0.0632455532033676,3.844462426812653,3.7195236902043525,"Household items","Household items",false,false
31,"Spanish","latin",2,"Unrelated","casa","toro","ola","toro.wav",1,"l","spa_casa","spa_toro","spa_ola",true,0.55,0.075,0.07866066361276136,0.04164582812239421,5.732536564854044,4.403770437719665,"Animals","Outside",false,true
32,"Spanish","latin",2,"Unrelated","gato","tambor","cubo","tambor.wav",1.08,"r","spa_gato","spa_tambor","spa_cubo",true,0.55,0.3,0.07866066361276136,0.07245688373094719,5.246185983214817,4.629347059855265,"Toys","Animals",true,false
1,"Spanish","latin",3,"Cognate","vaca","botón","tobogán","boton.wav",1.39,"r","spa_vaca","spa_boton","spa_tobogan",true,0.6,0.3,0.07745966692414834,0.07245688373094719,5.054479806341204,4.178161539230002,"Clothes","Animals",true,false
2,"Spanish","latin",3,"Non-cognate","botella","ventana","ombligo","ventana.wav",1.12,"l","spa_botella","spa_ventana","spa_ombligo",true,0.375,0.35,0.07654655446197431,0.07541551564499178,4.29835384081384,5.043462965332546,"Outside","Household items",false,false
3,"Spanish","latin",3,"Unrelated","globo","boca","caja","boca.wav",1.23,"r","spa_globo","spa_boca","spa_caja",true,0.325,0.525,0.07405656621799313,0.07895805848676878,4.80913446447091,4.726702274831476,"Body parts","Toys",false,false
4,"Spanish","latin",3,"Unrelated","mono","bici","cepillo","bici-latin.wav",1.03,"l","spa_mono","spa_bici","spa_cepillo",true,0.375,0.475,0.07654655446197431,0.07895805848676878,4.521156036437519,4.1027404420556834,"Vehicles","Animals",true,false
5,"Spanish","latin",3,"Cognate","coche","cubo","tambor","cubo.wav",1.01,"l","spa_coche","spa_cubo","spa_tambor",true,0.575,0.3,0.07816249100431741,0.07245688373094719,5.337135529238472,4.002070280174321,"Household items","Vehicles",false,false
6,"Spanish","latin",3,"Non-cognate","cama","calcetín","plátano","calcetin-latin.wav",1.2,"r","spa_cama","spa_calcetin","spa_platano",true,0.45,0.375,0.07866066361276136,0.07654655446197431,5.217834243993953,3.4854404841709847,"Clothes","Household items",false,false
7,"Spanish","latin",3,"Unrelated","zumo","caja","boca","caja.wav",0.98,"r","spa_zumo","spa_caja","spa_boca",true,0.275,0.3,0.07060010623221469,0.07245688373094719,3.418493694540371,4.7658237098573215,"Toys","Food and drink",false,false
8,"Spanish","latin",3,"Unrelated","pato","cuchara","osito","cuchara.wav",0.87,"r","spa_pato","spa_cuchara","spa_osito",true,0.425,0.45,0.07816249100431741,0.07866066361276136,4.80913446447091,4.24240243548469,"Household items","Animals",true,false
9,"Spanish","latin",3,"Cognate","cebra","zanahoria","hormiga","zanahoria-latin.wav",1.23,"r","spa_cebra","spa_zanahoria","spa_hormiga",true,0.225,0.2,0.06602556323122129,0.0632455532033676,3.515403707548428,4.253126300876463,"Food and drink","Animals",true,false
10,"Spanish","latin",3,"Non-cognate","cerdo","cielo","pie","cielo-latin.wav",1.21,"l","spa_cerdo","spa_cielo","spa_pie",true,0.45,0.275,0.07866066361276136,0.07060010623221469,3.9625617388906473,4.418493694540372,"Outside","Animals",true,false
11,"Spanish","latin",3,"Unrelated","oreja","cepillo","bici","cepillo-latin.wav",1.31,"l","spa_oreja","spa_cepillo","spa_bici",true,0.475,0.325,0.07895805848676878,0.07405656621799313,3.9190960451095567,3.9925249622680905,"Household items","Body parts",false,false
12,"Spanish","latin",3,"Unrelated","mesa","cesta","tijeras","cesta-latin.wav",1.22,"l","spa_mesa","spa_cesta","spa_tijeras",true,0.425,0.175,0.07816249100431741,0.060078074203489575,5.0048934395107,3.941372439820709,"Household items","Household items",false,false
13,"Spanish","latin",3,"Cognate","galleta","gusano","martillo","gusano.wav",1.02,"l","spa_galleta","spa_gusano","spa_martillo",true,0.625,0.1,0.07654655446197431,0.047434164902525694,4.0114103064284645,3.737252457164784,"Animals","Food and drink",false,true
14,"Spanish","latin",3,"Non-cognate","gafas","guitarra","puerta","guitarra.wav",1.07,"l","spa_gafas","spa_guitarra","spa_puerta",true,0.425,0.15,0.07816249100431741,0.05645794895318108,4.110164460134891,3.9625617388906473,"Toys","Clothes",false,false
15,"Spanish","latin",3,"Unrelated","tomate","grifo","mariposa","grifo.wav",1.19,"l","spa_tomate","spa_grifo","spa_mariposa",true,0.225,0.225,0.06602556323122129,0.06602556323122129,4.574840895400295,2.941372439820709,"Household items","Food and drink",false,false
16,"Spanish","latin",3,"Unrelated","zapato","gorrión","muñeca","gorrion.wav",1.26,"r","spa_zapato","spa_gorrion","spa_muneca",true,0.6,0.075,0.07745966692414834,0.04164582812239421,4.611154055029246,,"Animals","Clothes",false,true
17,"Spanish","latin",3,"Cognate","moto","moneda","pierna","moneda.wav",1.06,"r","spa_moto","spa_moneda","spa_pierna",true,0.5,0.075,0.07905694150420949,0.04164582812239421,4.572308558884901,3.5945849535960526,"Household items","Vehicles",false,false
18,"Spanish","latin",3,"Non-cognate","manzana","martillo","gusano","martillo.wav",1.08,"l","spa_manzana","spa_martillo","spa_gusano",true,0.15,0.05,0.05645794895318108,0.034460121880225555,4.3885304711629285,4.138652997946329,"Household items","Food and drink",false,false
19,"Spanish","latin",3,"Unrelated","vaso","mariposa","grifo","mariposa.wav",1.07,"l","spa_vaso","spa_mariposa","spa_grifo",true,0.425,0.3,0.07816249100431741,0.07245688373094719,4.604130271502283,4.046882624590683,"Animals","Household items",false,true
20,"Spanish","latin",3,"Unrelated","queso","muñeca","gorrión","muneca.wav",1.03,"r","spa_queso","spa_muneca","spa_gorrion",true,0.3,0.3,0.07245688373094719,0.07245688373094719,4.303100275838302,4.834856786039195,"Toys","Food and drink",false,false
21,"Spanish","latin",3,"Cognate","oveja","ola","toro","ola.wav",0.92,"r","spa_oveja","spa_ola","spa_toro",true,0.35,0.175,0.07541551564499178,0.060078074203489575,4.577358551621542,3.8833804928430222,"Outside","Animals",true,false
22,"Spanish","latin",3,"Non-cognate","ojo","ombligo","ventana","ombligo.wav",1.02,"l","spa_ojo","spa_ombligo","spa_ventana",true,0.5,0.425,0.07905694150420949,0.07816249100431741,4.7526122125739985,4.584825116306896,"Body parts","Body parts",false,false
23,"Spanish","latin",3,"Unrelated","pelota","osito","cuchara","osito.wav",0.85,"r","spa_pelota","spa_osito","spa_cuchara",true,0.525,0.375,0.07895805848676878,0.07654655446197431,5.063588318093536,4.429217559932145,"Toys","Toys",false,false
24,"Spanish","latin",3,"Unrelated","tele","hormiga","zanahoria","hormiga.wav",0.99,"r","spa_tele","spa_hormiga","spa_zanahoria",true,0.45,0.25,0.07866066361276136,0.06846531968814576,4.396217299829219,3.5945849535960526,"Animals","Household items",false,true
25,"Spanish","latin",3,"Cognate","pez","plátano","calcetín","platano.wav",0.93,"r","spa_pez","spa_platano","spa_calcetin",true,0.325,0.55,0.07405656621799313,0.07866066361276136,4.587285714854553,4.372736203979696,"Food and drink","Animals",true,false
26,"Spanish","latin",3,"Non-cognate","perro","puerta","guitarra","puerta.wav",1.26,"l","spa_perro","spa_puerta","spa_guitarra",true,0.675,0.475,0.07405656621799311,0.07895805848676878,5.910205484711138,5.1094277432798485,"Household items","Animals",true,false
27,"Spanish","latin",3,"Unrelated","barco","pierna","moneda","pierna.wav",1.13,"r","spa_barco","spa_pierna","spa_moneda",true,0.15,0.425,0.05645794895318108,0.07816249100431741,5.212051275965415,4.312440302092446,"Body parts","Vehicles",false,false
28,"Spanish","latin",3,"Unrelated","hoja","pie","cielo","pie.wav",0.83,"l","spa_hoja","spa_pie","spa_cielo",true,0.375,0.525,0.07654655446197431,0.07895805848676878,4.368696226177956,4.827863164993191,"Body parts","Outside",false,false
29,"Spanish","latin",3,"Cognate","tren","tambor","cubo","tambor.wav",1.08,"l","spa_tren","spa_tambor","spa_cubo",true,0.3,0.3,0.07245688373094719,0.07245688373094719,4.56202891964033,4.629347059855265,"Toys","Vehicles",false,false
30,"Spanish","latin",3,"Non-cognate","tenedor","tobogán","botón","tobogan.wav",1.01,"r","spa_tenedor","spa_tobogan","spa_boton",true,0.4,0.425,0.07745966692414834,0.07816249100431741,3.844462426812653,4.807659778904904,"Outside","Household items",false,false
31,"Spanish","latin",3,"Unrelated","casa","tijeras","cesta","tijeras.wav",1.14,"l","spa_casa","spa_tijeras","spa_cesta",true,0.55,0.2,0.07866066361276136,0.0632455532033676,5.732536564854044,3.7195236902043525,"Household items","Outside",false,false
32,"Spanish","latin",3,"Unrelated","gato","toro","ola","toro.wav",1,"r","spa_gato","spa_toro","spa_ola",true,0.55,0.075,0.07866066361276136,0.04164582812239421,5.246185983214817,4.403770437719665,"Animals","Animals",true,true
